PRJ,SRX,SRR,Spots,Bases,Average_spot_length,Assay,Selection,Library_source,Layout,Platform,Virus,in vivo/in vitro,Center_name
PRJEB13360,ERX1495479,ERR1424897,3382206,683205612,202,RNA-Seq,RANDOM,METATRANSCRIPTOMIC,PAIRED,ILLUMINA,HKU1,in vivo,"UNIVERSITY OF UTAH, SCHOOL OF MEDICINE"
PRJEB13360,ERX1431551,ERR1360080,16407220,3314258440,202,RNA-Seq,RANDOM,METATRANSCRIPTOMIC,PAIRED,ILLUMINA,NL63,in vivo,"UNIVERSITY OF UTAH, SCHOOL OF MEDICINE"
PRJEB13360,ERX1470607,ERR1399348,7327062,1480066524,202,RNA-Seq,RANDOM,METATRANSCRIPTOMIC,PAIRED,ILLUMINA,NL63,in vivo,"UNIVERSITY OF UTAH, SCHOOL OF MEDICINE"
PRJEB13360,ERX1470608,ERR1399349,4985499,1007070798,202,RNA-Seq,RANDOM,METATRANSCRIPTOMIC,PAIRED,ILLUMINA,OC43,in vivo,"UNIVERSITY OF UTAH, SCHOOL OF MEDICINE"
PRJEB13360,ERX1431552,ERR1360081,8628866,1743030932,202,RNA-Seq,RANDOM,METATRANSCRIPTOMIC,PAIRED,ILLUMINA,OC43,in vivo,"UNIVERSITY OF UTAH, SCHOOL OF MEDICINE"
PRJEB13360,ERX1431553,ERR1360082,3372247,681193894,202,RNA-Seq,RANDOM,METATRANSCRIPTOMIC,PAIRED,ILLUMINA,Enterovirus B,in vivo,"UNIVERSITY OF UTAH, SCHOOL OF MEDICINE"
PRJEB13360,ERX1470609,ERR1399350,3193623,645111846,202,RNA-Seq,RANDOM,METATRANSCRIPTOMIC,PAIRED,ILLUMINA,Enterovirus B,in vivo,"UNIVERSITY OF UTAH, SCHOOL OF MEDICINE"
PRJEB13360,ERX1470610,ERR1399351,5144660,1039221320,202,RNA-Seq,RANDOM,METATRANSCRIPTOMIC,PAIRED,ILLUMINA,Human bocavirus 1,in vivo,"UNIVERSITY OF UTAH, SCHOOL OF MEDICINE"
PRJEB13360,ERX1431554,ERR1360083,5604297,1132067994,202,RNA-Seq,RANDOM,METATRANSCRIPTOMIC,PAIRED,ILLUMINA,Human bocavirus 1,in vivo,"UNIVERSITY OF UTAH, SCHOOL OF MEDICINE"
PRJEB13360,ERX1431555,ERR1360084,1538564,310789928,202,RNA-Seq,RANDOM,METATRANSCRIPTOMIC,PAIRED,ILLUMINA,Human metapneumovirus,in vivo,"UNIVERSITY OF UTAH, SCHOOL OF MEDICINE"
PRJEB13360,ERX1470611,ERR1399352,950981,192098162,202,RNA-Seq,RANDOM,METATRANSCRIPTOMIC,PAIRED,ILLUMINA,Human metapneumovirus,in vivo,"UNIVERSITY OF UTAH, SCHOOL OF MEDICINE"
PRJEB13360,ERX1470612,ERR1399353,2469134,498765068,202,RNA-Seq,RANDOM,METATRANSCRIPTOMIC,PAIRED,ILLUMINA,Rhinovirus C,in vivo,"UNIVERSITY OF UTAH, SCHOOL OF MEDICINE"
PRJEB13360,ERX1431556,ERR1360085,4092920,826769840,202,RNA-Seq,RANDOM,METATRANSCRIPTOMIC,PAIRED,ILLUMINA,Rhinovirus C,in vivo,"UNIVERSITY OF UTAH, SCHOOL OF MEDICINE"
PRJEB13360,ERX1431557,ERR1360086,6378339,1288424478,202,RNA-Seq,RANDOM,METATRANSCRIPTOMIC,PAIRED,ILLUMINA,Rhinovirus C,in vivo,"UNIVERSITY OF UTAH, SCHOOL OF MEDICINE"
PRJEB13360,ERX1470613,ERR1399354,4059467,820012334,202,RNA-Seq,RANDOM,METATRANSCRIPTOMIC,PAIRED,ILLUMINA,Rhinovirus C,in vivo,"UNIVERSITY OF UTAH, SCHOOL OF MEDICINE"
PRJEB13360,ERX1470614,ERR1399355,2165809,437493418,202,RNA-Seq,RANDOM,METATRANSCRIPTOMIC,PAIRED,ILLUMINA,Rhinovirus C,in vivo,"UNIVERSITY OF UTAH, SCHOOL OF MEDICINE"
PRJEB13360,ERX1431558,ERR1360087,11470211,1158491311,101,RNA-Seq,RANDOM,METATRANSCRIPTOMIC,PAIRED,ILLUMINA,Rhinovirus C,in vivo,"UNIVERSITY OF UTAH, SCHOOL OF MEDICINE"
PRJEB13360,ERX1431559,ERR1360088,4888805,987538610,202,RNA-Seq,RANDOM,METATRANSCRIPTOMIC,PAIRED,ILLUMINA,Human metapneumovirus,in vivo,"UNIVERSITY OF UTAH, SCHOOL OF MEDICINE"
PRJEB13360,ERX1470615,ERR1399356,1057891,213693982,202,RNA-Seq,RANDOM,METATRANSCRIPTOMIC,PAIRED,ILLUMINA,Human metapneumovirus,in vivo,"UNIVERSITY OF UTAH, SCHOOL OF MEDICINE"
PRJEB13360,ERX1470616,ERR1399357,2024093,408866786,202,RNA-Seq,RANDOM,METATRANSCRIPTOMIC,PAIRED,ILLUMINA,Human respirovirus 1,in vivo,"UNIVERSITY OF UTAH, SCHOOL OF MEDICINE"
PRJEB13360,ERX1431560,ERR1360089,2764225,558373450,202,RNA-Seq,RANDOM,METATRANSCRIPTOMIC,PAIRED,ILLUMINA,Human respirovirus 1,in vivo,"UNIVERSITY OF UTAH, SCHOOL OF MEDICINE"
PRJEB13360,ERX1431561,ERR1360090,4438326,896541852,202,RNA-Seq,RANDOM,METATRANSCRIPTOMIC,PAIRED,ILLUMINA,Human respirovirus 3,in vivo,"UNIVERSITY OF UTAH, SCHOOL OF MEDICINE"
PRJEB13360,ERX1470617,ERR1399358,2484877,501945154,202,RNA-Seq,RANDOM,METATRANSCRIPTOMIC,PAIRED,ILLUMINA,Human respirovirus 3,in vivo,"UNIVERSITY OF UTAH, SCHOOL OF MEDICINE"
PRJEB13360,ERX1470618,ERR1399359,2306808,465975216,202,RNA-Seq,RANDOM,METATRANSCRIPTOMIC,PAIRED,ILLUMINA,Rhinovirus A,in vivo,"UNIVERSITY OF UTAH, SCHOOL OF MEDICINE"
PRJEB13360,ERX1431562,ERR1360091,4517768,912589136,202,RNA-Seq,RANDOM,METATRANSCRIPTOMIC,PAIRED,ILLUMINA,Rhinovirus A,in vivo,"UNIVERSITY OF UTAH, SCHOOL OF MEDICINE"
PRJEB13360,ERX1431563,ERR1360092,5644837,1140257074,202,RNA-Seq,RANDOM,METATRANSCRIPTOMIC,PAIRED,ILLUMINA,Rhinovirus C,in vivo,"UNIVERSITY OF UTAH, SCHOOL OF MEDICINE"
PRJEB13360,ERX1470619,ERR1399360,2034672,411003744,202,RNA-Seq,RANDOM,METATRANSCRIPTOMIC,PAIRED,ILLUMINA,Rhinovirus C,in vivo,"UNIVERSITY OF UTAH, SCHOOL OF MEDICINE"
PRJEB13360,ERX1470620,ERR1399361,2601891,525581982,202,RNA-Seq,RANDOM,METATRANSCRIPTOMIC,PAIRED,ILLUMINA,Rhinovirus C,in vivo,"UNIVERSITY OF UTAH, SCHOOL OF MEDICINE"
PRJEB13360,ERX1431564,ERR1360093,4581068,925375736,202,RNA-Seq,RANDOM,METATRANSCRIPTOMIC,PAIRED,ILLUMINA,Rhinovirus C,in vivo,"UNIVERSITY OF UTAH, SCHOOL OF MEDICINE"
PRJEB13360,ERX1431565,ERR1360094,5297805,1070156610,202,RNA-Seq,RANDOM,METATRANSCRIPTOMIC,PAIRED,ILLUMINA,Rhinovirus C,in vivo,"UNIVERSITY OF UTAH, SCHOOL OF MEDICINE"
PRJEB13360,ERX1470621,ERR1399362,1807571,365129342,202,RNA-Seq,RANDOM,METATRANSCRIPTOMIC,PAIRED,ILLUMINA,Rhinovirus C,in vivo,"UNIVERSITY OF UTAH, SCHOOL OF MEDICINE"
PRJEB13360,ERX1470622,ERR1399363,4160829,840487458,202,RNA-Seq,RANDOM,METATRANSCRIPTOMIC,PAIRED,ILLUMINA,Rhinovirus C,in vivo,"UNIVERSITY OF UTAH, SCHOOL OF MEDICINE"
PRJEB13360,ERX1431566,ERR1360095,7032800,1420625600,202,RNA-Seq,RANDOM,METATRANSCRIPTOMIC,PAIRED,ILLUMINA,Rhinovirus C,in vivo,"UNIVERSITY OF UTAH, SCHOOL OF MEDICINE"
PRJEB13360,ERX1431567,ERR1360096,6995988,1413189576,202,RNA-Seq,RANDOM,METATRANSCRIPTOMIC,PAIRED,ILLUMINA,Rhinovirus C,in vivo,"UNIVERSITY OF UTAH, SCHOOL OF MEDICINE"
PRJEB13360,ERX1470623,ERR1399364,3654236,738155672,202,RNA-Seq,RANDOM,METATRANSCRIPTOMIC,PAIRED,ILLUMINA,Rhinovirus C,in vivo,"UNIVERSITY OF UTAH, SCHOOL OF MEDICINE"
PRJEB13360,ERX1470624,ERR1399365,2234906,451451012,202,RNA-Seq,RANDOM,METATRANSCRIPTOMIC,PAIRED,ILLUMINA,Rhinovirus C,in vivo,"UNIVERSITY OF UTAH, SCHOOL OF MEDICINE"
PRJEB13360,ERX1431568,ERR1360097,3739418,755362436,202,RNA-Seq,RANDOM,METATRANSCRIPTOMIC,PAIRED,ILLUMINA,Rhinovirus C,in vivo,"UNIVERSITY OF UTAH, SCHOOL OF MEDICINE"
PRJEB13360,ERX1431569,ERR1360098,4989606,1007900412,202,RNA-Seq,RANDOM,METATRANSCRIPTOMIC,PAIRED,ILLUMINA,Rhinovirus C,in vivo,"UNIVERSITY OF UTAH, SCHOOL OF MEDICINE"
PRJEB13360,ERX1470625,ERR1399366,3872438,782232476,202,RNA-Seq,RANDOM,METATRANSCRIPTOMIC,PAIRED,ILLUMINA,Rhinovirus C,in vivo,"UNIVERSITY OF UTAH, SCHOOL OF MEDICINE"
PRJEB13360,ERX1470626,ERR1399367,1290343,260649286,202,RNA-Seq,RANDOM,METATRANSCRIPTOMIC,PAIRED,ILLUMINA,Respiratory syncytial virus,in vivo,"UNIVERSITY OF UTAH, SCHOOL OF MEDICINE"
PRJEB13360,ERX1431570,ERR1360099,2913585,588544170,202,RNA-Seq,RANDOM,METATRANSCRIPTOMIC,PAIRED,ILLUMINA,Respiratory syncytial virus,in vivo,"UNIVERSITY OF UTAH, SCHOOL OF MEDICINE"
PRJEB13360,ERX1431571,ERR1360100,7746978,1564889556,202,RNA-Seq,RANDOM,METATRANSCRIPTOMIC,PAIRED,ILLUMINA,Respiratory syncytial virus,in vivo,"UNIVERSITY OF UTAH, SCHOOL OF MEDICINE"
PRJEB13360,ERX1470627,ERR1399368,7582766,1531718732,202,RNA-Seq,RANDOM,METATRANSCRIPTOMIC,PAIRED,ILLUMINA,Respiratory syncytial virus,in vivo,"UNIVERSITY OF UTAH, SCHOOL OF MEDICINE"
PRJEB13360,ERX1495480,ERR1424898,10345555,2089802110,202,RNA-Seq,RANDOM,METATRANSCRIPTOMIC,PAIRED,ILLUMINA,Respiratory syncytial virus,in vivo,"UNIVERSITY OF UTAH, SCHOOL OF MEDICINE"
PRJEB13360,ERX1470628,ERR1399369,5982659,1208497118,202,RNA-Seq,RANDOM,METATRANSCRIPTOMIC,PAIRED,ILLUMINA,Respiratory syncytial virus,in vivo,"UNIVERSITY OF UTAH, SCHOOL OF MEDICINE"
PRJEB13360,ERX1431573,ERR1360102,11470211,1158491311,101,RNA-Seq,RANDOM,METATRANSCRIPTOMIC,PAIRED,ILLUMINA,Respiratory syncytial virus,in vivo,"UNIVERSITY OF UTAH, SCHOOL OF MEDICINE"
PRJNA233944,SRX491954,SRR1195111,50886511,10279075222,202,RNA-Seq,cDNA,TRANSCRIPTOMIC,PAIRED,ILLUMINA,SARS,in vitro,UMIGS
PRJNA233944,SRX491955,SRR1195112,50575218,10216194036,202,RNA-Seq,cDNA,TRANSCRIPTOMIC,PAIRED,ILLUMINA,SARS,in vitro,UMIGS
PRJNA233944,SRX491953,SRR1195113,52740553,10653591706,202,RNA-Seq,cDNA,TRANSCRIPTOMIC,PAIRED,ILLUMINA,SARS,in vitro,UMIGS
PRJNA233944,SRX492118,SRR1195276,25562823,5163690246,202,RNA-Seq,cDNA,TRANSCRIPTOMIC,PAIRED,ILLUMINA,SARS,in vitro,UMIGS
PRJNA233944,SRX492120,SRR1195277,25372504,5125245808,202,RNA-Seq,cDNA,TRANSCRIPTOMIC,PAIRED,ILLUMINA,SARS,in vitro,UMIGS
PRJNA233944,SRX492119,SRR1195278,26473647,5347676694,202,RNA-Seq,cDNA,TRANSCRIPTOMIC,PAIRED,ILLUMINA,SARS,in vitro,UMIGS
PRJNA233944,SRX492206,SRR1195364,27958097,5647535594,202,RNA-Seq,cDNA,TRANSCRIPTOMIC,PAIRED,ILLUMINA,SARS,in vitro,UMIGS
PRJNA233944,SRX492207,SRR1195365,27772753,5610096106,202,RNA-Seq,cDNA,TRANSCRIPTOMIC,PAIRED,ILLUMINA,SARS,in vitro,UMIGS
PRJNA233944,SRX492208,SRR1195366,28961963,5850316526,202,RNA-Seq,cDNA,TRANSCRIPTOMIC,PAIRED,ILLUMINA,SARS,in vitro,UMIGS
PRJNA233944,SRX492289,SRR1195445,50140046,10128289292,202,RNA-Seq,cDNA,TRANSCRIPTOMIC,PAIRED,ILLUMINA,SARS,in vitro,UMIGS
PRJNA233944,SRX492290,SRR1195446,49635088,10026287776,202,RNA-Seq,cDNA,TRANSCRIPTOMIC,PAIRED,ILLUMINA,SARS,in vitro,UMIGS
PRJNA233944,SRX492374,SRR1195531,42340535,8552788070,202,RNA-Seq,cDNA,TRANSCRIPTOMIC,PAIRED,ILLUMINA,SARS,in vitro,UMIGS
PRJNA233944,SRX492375,SRR1195532,41779615,8439482230,202,RNA-Seq,cDNA,TRANSCRIPTOMIC,PAIRED,ILLUMINA,SARS,in vitro,UMIGS
PRJNA233944,SRX492387,SRR1195541,44556102,9000332604,202,RNA-Seq,cDNA,TRANSCRIPTOMIC,PAIRED,ILLUMINA,SARS,in vitro,UMIGS
PRJNA233944,SRX492388,SRR1195542,44201963,8928796526,202,RNA-Seq,cDNA,TRANSCRIPTOMIC,PAIRED,ILLUMINA,SARS,in vitro,UMIGS
PRJNA233944,SRX492435,SRR1195587,24548574,4958811948,202,RNA-Seq,cDNA,TRANSCRIPTOMIC,PAIRED,ILLUMINA,SARS,in vitro,UMIGS
PRJNA233944,SRX492437,SRR1195588,24411873,4931198346,202,RNA-Seq,cDNA,TRANSCRIPTOMIC,PAIRED,ILLUMINA,SARS,in vitro,UMIGS
PRJNA233944,SRX492436,SRR1195589,25417950,5134425900,202,RNA-Seq,cDNA,TRANSCRIPTOMIC,PAIRED,ILLUMINA,SARS,in vitro,UMIGS
PRJNA233944,SRX492558,SRR1195710,25900692,5231939784,202,RNA-Seq,cDNA,TRANSCRIPTOMIC,PAIRED,ILLUMINA,SARS,in vitro,UMIGS
PRJNA233944,SRX492557,SRR1195711,25696895,5190772790,202,RNA-Seq,cDNA,TRANSCRIPTOMIC,PAIRED,ILLUMINA,SARS,in vitro,UMIGS
PRJNA233944,SRX492556,SRR1195712,26833287,5420323974,202,RNA-Seq,cDNA,TRANSCRIPTOMIC,PAIRED,ILLUMINA,SARS,in vitro,UMIGS
PRJNA233944,SRX492601,SRR1195755,24696590,4988711180,202,RNA-Seq,cDNA,TRANSCRIPTOMIC,PAIRED,ILLUMINA,SARS,in vitro,UMIGS
PRJNA233944,SRX492603,SRR1195756,24498177,4948631754,202,RNA-Seq,cDNA,TRANSCRIPTOMIC,PAIRED,ILLUMINA,SARS,in vitro,UMIGS
PRJNA233944,SRX492602,SRR1195757,25587606,5168696412,202,RNA-Seq,cDNA,TRANSCRIPTOMIC,PAIRED,ILLUMINA,SARS,in vitro,UMIGS
PRJNA233944,SRX492636,SRR1195790,48735132,9844496664,202,RNA-Seq,cDNA,TRANSCRIPTOMIC,PAIRED,ILLUMINA,SARS,in vitro,UMIGS
PRJNA233944,SRX492637,SRR1195791,48092616,9714708432,202,RNA-Seq,cDNA,TRANSCRIPTOMIC,PAIRED,ILLUMINA,SARS,in vitro,UMIGS
PRJNA233944,SRX491675,SRR1194830,23925722,4832995844,202,RNA-Seq,cDNA,TRANSCRIPTOMIC,PAIRED,ILLUMINA,SARS,in vitro,UMIGS
PRJNA233944,SRX491674,SRR1194831,24252562,4899017524,202,RNA-Seq,cDNA,TRANSCRIPTOMIC,PAIRED,ILLUMINA,SARS,in vitro,UMIGS
PRJNA233944,SRX491782,SRR1194938,26293911,5311370022,202,RNA-Seq,cDNA,TRANSCRIPTOMIC,PAIRED,ILLUMINA,SARS,in vitro,UMIGS
PRJNA233944,SRX491783,SRR1194939,24003265,4848659530,202,RNA-Seq,cDNA,TRANSCRIPTOMIC,PAIRED,ILLUMINA,SARS,in vitro,UMIGS
PRJNA233944,SRX491780,SRR1194940,24327707,4914196814,202,RNA-Seq,cDNA,TRANSCRIPTOMIC,PAIRED,ILLUMINA,SARS,in vitro,UMIGS
PRJNA233944,SRX491781,SRR1194941,24055123,4859134846,202,RNA-Seq,cDNA,TRANSCRIPTOMIC,PAIRED,ILLUMINA,SARS,in vitro,UMIGS
PRJNA233944,SRX491871,SRR1195026,26881381,5430038962,202,RNA-Seq,cDNA,TRANSCRIPTOMIC,PAIRED,ILLUMINA,SARS,in vitro,UMIGS
PRJNA233944,SRX491870,SRR1195027,24572884,4963722568,202,RNA-Seq,cDNA,TRANSCRIPTOMIC,PAIRED,ILLUMINA,SARS,in vitro,UMIGS
PRJNA233944,SRX491868,SRR1195028,24992170,5048418340,202,RNA-Seq,cDNA,TRANSCRIPTOMIC,PAIRED,ILLUMINA,SARS,in vitro,UMIGS
PRJNA233944,SRX491869,SRR1195029,24629175,4975093350,202,RNA-Seq,cDNA,TRANSCRIPTOMIC,PAIRED,ILLUMINA,SARS,in vitro,UMIGS
PRJNA233944,SRX492680,SRR1195833,47992321,9694448842,202,RNA-Seq,cDNA,TRANSCRIPTOMIC,PAIRED,ILLUMINA,Vero-3-20ulEMC-24hrs-RNA1,in vitro,UMIGS
PRJNA233944,SRX492679,SRR1195834,48018779,9699793358,202,RNA-Seq,cDNA,TRANSCRIPTOMIC,PAIRED,ILLUMINA,Vero-3-20ulEMC-24hrs-RNA1,in vitro,UMIGS
PRJNA233944,SRX492682,SRR1195835,50736813,10248836226,202,RNA-Seq,cDNA,TRANSCRIPTOMIC,PAIRED,ILLUMINA,Vero-3-20ulEMC-24hrs-RNA2,in vitro,UMIGS
PRJNA233944,SRX492681,SRR1195836,51409781,10384775762,202,RNA-Seq,cDNA,TRANSCRIPTOMIC,PAIRED,ILLUMINA,Vero-3-20ulEMC-24hrs-RNA2,in vitro,UMIGS
PRJNA233944,SRX492683,SRR1195837,49680858,10035533316,202,RNA-Seq,cDNA,TRANSCRIPTOMIC,PAIRED,ILLUMINA,Vero-3-20ulEMC-24hrs-RNA3,in vitro,UMIGS
PRJNA233944,SRX492684,SRR1195838,50322201,10165084602,202,RNA-Seq,cDNA,TRANSCRIPTOMIC,PAIRED,ILLUMINA,Vero-3-20ulEMC-24hrs-RNA3,in vitro,UMIGS
PRJNA233944,SRX492685,SRR1195839,46089657,9310110714,202,RNA-Seq,cDNA,TRANSCRIPTOMIC,PAIRED,ILLUMINA,Vero-3-20ulEMC-48hrs-RNA1,in vitro,UMIGS
PRJNA233944,SRX492686,SRR1195840,46483267,9389619934,202,RNA-Seq,cDNA,TRANSCRIPTOMIC,PAIRED,ILLUMINA,Vero-3-20ulEMC-48hrs-RNA1,in vitro,UMIGS
PRJNA233944,SRX492688,SRR1195841,45177949,9125945698,202,RNA-Seq,cDNA,TRANSCRIPTOMIC,PAIRED,ILLUMINA,Vero-3-20ulEMC-48hrs-RNA2,in vitro,UMIGS
PRJNA233944,SRX492687,SRR1195842,45580973,9207356546,202,RNA-Seq,cDNA,TRANSCRIPTOMIC,PAIRED,ILLUMINA,Vero-3-20ulEMC-48hrs-RNA2,in vitro,UMIGS
PRJNA233944,SRX492689,SRR1195843,46882914,9470348628,202,RNA-Seq,cDNA,TRANSCRIPTOMIC,PAIRED,ILLUMINA,Vero-3-20ulEMC-48hrs-RNA3,in vitro,UMIGS
PRJNA233944,SRX492690,SRR1195844,47305529,9555716858,202,RNA-Seq,cDNA,TRANSCRIPTOMIC,PAIRED,ILLUMINA,Vero-3-20ulEMC-48hrs-RNA3,in vitro,UMIGS
PRJNA233944,SRX492693,SRR1195848,42069032,8497944464,202,RNA-Seq,cDNA,TRANSCRIPTOMIC,PAIRED,ILLUMINA,Vero-3-2ulEMC-24hrs-RNA1,in vitro,UMIGS
PRJNA233944,SRX492694,SRR1195849,42087567,8501688534,202,RNA-Seq,cDNA,TRANSCRIPTOMIC,PAIRED,ILLUMINA,Vero-3-2ulEMC-24hrs-RNA1,in vitro,UMIGS
PRJNA233944,SRX492692,SRR1195845,45657796,9222874792,202,RNA-Seq,cDNA,TRANSCRIPTOMIC,PAIRED,ILLUMINA,Vero-3-2ulEMC-24hrs-RNA2,in vitro,UMIGS
PRJNA233944,SRX492691,SRR1195846,45704577,9232324554,202,RNA-Seq,cDNA,TRANSCRIPTOMIC,PAIRED,ILLUMINA,Vero-3-2ulEMC-24hrs-RNA2,in vitro,UMIGS
PRJNA233944,SRX492720,SRR1195874,47792774,9654140348,202,RNA-Seq,cDNA,TRANSCRIPTOMIC,PAIRED,ILLUMINA,Vero-3-2ulEMC-24hrs-RNA3,in vitro,UMIGS
PRJNA233944,SRX492719,SRR1195875,47803104,9656227008,202,RNA-Seq,cDNA,TRANSCRIPTOMIC,PAIRED,ILLUMINA,Vero-3-2ulEMC-24hrs-RNA3,in vitro,UMIGS
PRJNA233944,SRX492741,SRR1195895,51911503,10486123606,202,RNA-Seq,cDNA,TRANSCRIPTOMIC,PAIRED,ILLUMINA,Vero-3-2ulEMC-48hrs-RNA1,in vitro,UMIGS
PRJNA233944,SRX492740,SRR1195896,52424084,10589664968,202,RNA-Seq,cDNA,TRANSCRIPTOMIC,PAIRED,ILLUMINA,Vero-3-2ulEMC-48hrs-RNA1,in vitro,UMIGS
PRJNA233944,SRX492742,SRR1195897,45815780,9254787560,202,RNA-Seq,cDNA,TRANSCRIPTOMIC,PAIRED,ILLUMINA,Vero-3-2ulEMC-48hrs-RNA2,in vitro,UMIGS
PRJNA233944,SRX492743,SRR1195898,46135146,9319299492,202,RNA-Seq,cDNA,TRANSCRIPTOMIC,PAIRED,ILLUMINA,Vero-3-2ulEMC-48hrs-RNA2,in vitro,UMIGS
PRJNA233944,SRX492771,SRR1195926,48250945,9746690890,202,RNA-Seq,cDNA,TRANSCRIPTOMIC,PAIRED,ILLUMINA,Vero-3-2ulEMC-48hrs-RNA3,in vitro,UMIGS
PRJNA233944,SRX492772,SRR1195927,48696101,9836612402,202,RNA-Seq,cDNA,TRANSCRIPTOMIC,PAIRED,ILLUMINA,Vero-3-2ulEMC-48hrs-RNA3,in vitro,UMIGS
PRJNA233944,SRX490765,SRR1193917,13110226,2648265652,202,RNA-Seq,cDNA,TRANSCRIPTOMIC,PAIRED,ILLUMINA,MERS,in vitro,UMIGS
PRJNA233944,SRX490764,SRR1193918,12857776,2597270752,202,RNA-Seq,cDNA,TRANSCRIPTOMIC,PAIRED,ILLUMINA,MERS,in vitro,UMIGS
PRJNA233944,SRX490763,SRR1193919,12815354,2588701508,202,RNA-Seq,cDNA,TRANSCRIPTOMIC,PAIRED,ILLUMINA,MERS,in vitro,UMIGS
PRJNA233944,SRX490762,SRR1193920,13005157,2627041714,202,RNA-Seq,cDNA,TRANSCRIPTOMIC,PAIRED,ILLUMINA,MERS,in vitro,UMIGS
PRJNA233944,SRX490761,SRR1193921,12988594,2623695988,202,RNA-Seq,cDNA,TRANSCRIPTOMIC,PAIRED,ILLUMINA,MERS,in vitro,UMIGS
PRJNA233944,SRX490760,SRR1193922,12998804,2625758408,202,RNA-Seq,cDNA,TRANSCRIPTOMIC,PAIRED,ILLUMINA,MERS,in vitro,UMIGS
PRJNA233944,SRX490759,SRR1193923,12947185,2615331370,202,RNA-Seq,cDNA,TRANSCRIPTOMIC,PAIRED,ILLUMINA,MERS,in vitro,UMIGS
PRJNA233944,SRX490766,SRR1193924,12866879,2599109558,202,RNA-Seq,cDNA,TRANSCRIPTOMIC,PAIRED,ILLUMINA,MERS,in vitro,UMIGS
PRJNA233944,SRX490796,SRR1193951,17432113,3521286826,202,RNA-Seq,cDNA,TRANSCRIPTOMIC,PAIRED,ILLUMINA,MERS,in vitro,UMIGS
PRJNA233944,SRX490795,SRR1193952,17123459,3458938718,202,RNA-Seq,cDNA,TRANSCRIPTOMIC,PAIRED,ILLUMINA,MERS,in vitro,UMIGS
PRJNA233944,SRX490794,SRR1193953,17070027,3448145454,202,RNA-Seq,cDNA,TRANSCRIPTOMIC,PAIRED,ILLUMINA,MERS,in vitro,UMIGS
PRJNA233944,SRX490800,SRR1193954,17318159,3498268118,202,RNA-Seq,cDNA,TRANSCRIPTOMIC,PAIRED,ILLUMINA,MERS,in vitro,UMIGS
PRJNA233944,SRX490799,SRR1193955,17297412,3494077224,202,RNA-Seq,cDNA,TRANSCRIPTOMIC,PAIRED,ILLUMINA,MERS,in vitro,UMIGS
PRJNA233944,SRX490798,SRR1193956,17284747,3491518894,202,RNA-Seq,cDNA,TRANSCRIPTOMIC,PAIRED,ILLUMINA,MERS,in vitro,UMIGS
PRJNA233944,SRX490797,SRR1193957,17212039,3476831878,202,RNA-Seq,cDNA,TRANSCRIPTOMIC,PAIRED,ILLUMINA,MERS,in vitro,UMIGS
PRJNA233944,SRX490801,SRR1193958,17101580,3454519160,202,RNA-Seq,cDNA,TRANSCRIPTOMIC,PAIRED,ILLUMINA,MERS,in vitro,UMIGS
PRJNA233944,SRX490835,SRR1193992,12479334,2520825468,202,RNA-Seq,cDNA,TRANSCRIPTOMIC,PAIRED,ILLUMINA,Mock,in vitro,UMIGS
PRJNA233944,SRX490836,SRR1193993,12181127,2460587654,202,RNA-Seq,cDNA,TRANSCRIPTOMIC,PAIRED,ILLUMINA,Mock,in vitro,UMIGS
PRJNA233944,SRX490839,SRR1193994,12182958,2460957516,202,RNA-Seq,cDNA,TRANSCRIPTOMIC,PAIRED,ILLUMINA,Mock,in vitro,UMIGS
PRJNA233944,SRX490840,SRR1193995,12342361,2493156922,202,RNA-Seq,cDNA,TRANSCRIPTOMIC,PAIRED,ILLUMINA,Mock,in vitro,UMIGS
PRJNA233944,SRX490837,SRR1193996,12316561,2487945322,202,RNA-Seq,cDNA,TRANSCRIPTOMIC,PAIRED,ILLUMINA,Mock,in vitro,UMIGS
PRJNA233944,SRX490838,SRR1193997,12316973,2488028546,202,RNA-Seq,cDNA,TRANSCRIPTOMIC,PAIRED,ILLUMINA,Mock,in vitro,UMIGS
PRJNA233944,SRX490833,SRR1193998,12287944,2482164688,202,RNA-Seq,cDNA,TRANSCRIPTOMIC,PAIRED,ILLUMINA,Mock,in vitro,UMIGS
PRJNA233944,SRX490834,SRR1193999,12202972,2465000344,202,RNA-Seq,cDNA,TRANSCRIPTOMIC,PAIRED,ILLUMINA,Mock,in vitro,UMIGS
PRJNA233944,SRX490873,SRR1194026,14834713,2996612026,202,RNA-Seq,cDNA,TRANSCRIPTOMIC,PAIRED,ILLUMINA,Mock,in vitro,UMIGS
PRJNA233944,SRX490874,SRR1194027,14567865,2942708730,202,RNA-Seq,cDNA,TRANSCRIPTOMIC,PAIRED,ILLUMINA,Mock,in vitro,UMIGS
PRJNA233944,SRX490867,SRR1194028,14522641,2933573482,202,RNA-Seq,cDNA,TRANSCRIPTOMIC,PAIRED,ILLUMINA,Mock,in vitro,UMIGS
PRJNA233944,SRX490868,SRR1194029,14740054,2977490908,202,RNA-Seq,cDNA,TRANSCRIPTOMIC,PAIRED,ILLUMINA,Mock,in vitro,UMIGS
PRJNA233944,SRX490869,SRR1194030,14713910,2972209820,202,RNA-Seq,cDNA,TRANSCRIPTOMIC,PAIRED,ILLUMINA,Mock,in vitro,UMIGS
PRJNA233944,SRX490870,SRR1194031,14713429,2972112658,202,RNA-Seq,cDNA,TRANSCRIPTOMIC,PAIRED,ILLUMINA,Mock,in vitro,UMIGS
PRJNA233944,SRX490871,SRR1194032,14660390,2961398780,202,RNA-Seq,cDNA,TRANSCRIPTOMIC,PAIRED,ILLUMINA,Mock,in vitro,UMIGS
PRJNA233944,SRX490872,SRR1194033,14570289,2943198378,202,RNA-Seq,cDNA,TRANSCRIPTOMIC,PAIRED,ILLUMINA,Mock,in vitro,UMIGS
PRJNA233944,SRX490909,SRR1194063,12570243,2539189086,202,RNA-Seq,cDNA,TRANSCRIPTOMIC,PAIRED,ILLUMINA,Mock,in vitro,UMIGS
PRJNA233944,SRX490913,SRR1194064,12290305,2482641610,202,RNA-Seq,cDNA,TRANSCRIPTOMIC,PAIRED,ILLUMINA,Mock,in vitro,UMIGS
PRJNA233944,SRX490912,SRR1194065,12278236,2480203672,202,RNA-Seq,cDNA,TRANSCRIPTOMIC,PAIRED,ILLUMINA,Mock,in vitro,UMIGS
PRJNA233944,SRX490911,SRR1194066,12436024,2512076848,202,RNA-Seq,cDNA,TRANSCRIPTOMIC,PAIRED,ILLUMINA,Mock,in vitro,UMIGS
PRJNA233944,SRX490910,SRR1194067,12410080,2506836160,202,RNA-Seq,cDNA,TRANSCRIPTOMIC,PAIRED,ILLUMINA,Mock,in vitro,UMIGS
PRJNA233944,SRX490907,SRR1194068,12413165,2507459330,202,RNA-Seq,cDNA,TRANSCRIPTOMIC,PAIRED,ILLUMINA,Mock,in vitro,UMIGS
PRJNA233944,SRX490908,SRR1194069,12413902,2507608204,202,RNA-Seq,cDNA,TRANSCRIPTOMIC,PAIRED,ILLUMINA,Mock,in vitro,UMIGS
PRJNA233944,SRX490906,SRR1194070,12355470,2495804940,202,RNA-Seq,cDNA,TRANSCRIPTOMIC,PAIRED,ILLUMINA,Mock,in vitro,UMIGS
PRJNA233944,SRX490974,SRR1194129,12255617,2475634634,202,RNA-Seq,cDNA,TRANSCRIPTOMIC,PAIRED,ILLUMINA,Mock,in vitro,UMIGS
PRJNA233944,SRX490973,SRR1194130,11994291,2422846782,202,RNA-Seq,cDNA,TRANSCRIPTOMIC,PAIRED,ILLUMINA,Mock,in vitro,UMIGS
PRJNA233944,SRX490972,SRR1194131,11964829,2416895458,202,RNA-Seq,cDNA,TRANSCRIPTOMIC,PAIRED,ILLUMINA,Mock,in vitro,UMIGS
PRJNA233944,SRX490971,SRR1194132,12086351,2441442902,202,RNA-Seq,cDNA,TRANSCRIPTOMIC,PAIRED,ILLUMINA,Mock,in vitro,UMIGS
PRJNA233944,SRX490978,SRR1194133,12085496,2441270192,202,RNA-Seq,cDNA,TRANSCRIPTOMIC,PAIRED,ILLUMINA,Mock,in vitro,UMIGS
PRJNA233944,SRX490977,SRR1194134,12077466,2439648132,202,RNA-Seq,cDNA,TRANSCRIPTOMIC,PAIRED,ILLUMINA,Mock,in vitro,UMIGS
PRJNA233944,SRX490976,SRR1194135,12059138,2435945876,202,RNA-Seq,cDNA,TRANSCRIPTOMIC,PAIRED,ILLUMINA,Mock,in vitro,UMIGS
PRJNA233944,SRX490975,SRR1194136,12024553,2428959706,202,RNA-Seq,cDNA,TRANSCRIPTOMIC,PAIRED,ILLUMINA,Mock,in vitro,UMIGS
PRJNA233944,SRX490996,SRR1194153,24337768,4916229136,202,RNA-Seq,cDNA,TRANSCRIPTOMIC,PAIRED,ILLUMINA,PBS-VERO-24hr-1,in vitro,UMIGS
PRJNA233944,SRX490995,SRR1194154,59744006,12068289212,202,RNA-Seq,cDNA,TRANSCRIPTOMIC,PAIRED,ILLUMINA,PBS-VERO-24hr-1,in vitro,UMIGS
PRJNA233944,SRX491062,SRR1194220,21187507,4279876414,202,RNA-Seq,cDNA,TRANSCRIPTOMIC,PAIRED,ILLUMINA,PBS-VERO-24hr-2,in vitro,UMIGS
PRJNA233944,SRX491063,SRR1194221,55851432,11281989264,202,RNA-Seq,cDNA,TRANSCRIPTOMIC,PAIRED,ILLUMINA,PBS-VERO-24hr-2,in vitro,UMIGS
PRJNA233944,SRX491074,SRR1194231,24937367,5037348134,202,RNA-Seq,cDNA,TRANSCRIPTOMIC,PAIRED,ILLUMINA,PBS-VERO-24hr-3,in vitro,UMIGS
PRJNA233944,SRX491073,SRR1194232,60472899,12215525598,202,RNA-Seq,cDNA,TRANSCRIPTOMIC,PAIRED,ILLUMINA,PBS-VERO-24hr-3,in vitro,UMIGS
PRJNA233944,SRX491191,SRR1194349,25479178,5146793956,202,RNA-Seq,cDNA,TRANSCRIPTOMIC,PAIRED,ILLUMINA,SARS,in vitro,UMIGS
PRJNA233944,SRX491194,SRR1194350,23408782,4728573964,202,RNA-Seq,cDNA,TRANSCRIPTOMIC,PAIRED,ILLUMINA,SARS,in vitro,UMIGS
PRJNA233944,SRX491192,SRR1194351,23760924,4799706648,202,RNA-Seq,cDNA,TRANSCRIPTOMIC,PAIRED,ILLUMINA,SARS,in vitro,UMIGS
PRJNA233944,SRX491193,SRR1194352,23351702,4717043804,202,RNA-Seq,cDNA,TRANSCRIPTOMIC,PAIRED,ILLUMINA,SARS,in vitro,UMIGS
PRJNA233944,SRX491672,SRR1194829,25936492,5239171384,202,RNA-Seq,cDNA,TRANSCRIPTOMIC,PAIRED,ILLUMINA,SARS,in vitro,UMIGS
PRJNA233944,SRX491673,SRR1194832,23901340,4828070680,202,RNA-Seq,cDNA,TRANSCRIPTOMIC,PAIRED,ILLUMINA,SARS,in vitro,UMIGS
PRJNA233944,SRX487482,SRR1190386,11833862,2390440124,202,RNA-Seq,cDNA,TRANSCRIPTOMIC,PAIRED,ILLUMINA,MERS,in vitro,UMIGS
PRJNA233944,SRX487478,SRR1190387,11621859,2347615518,202,RNA-Seq,cDNA,TRANSCRIPTOMIC,PAIRED,ILLUMINA,MERS,in vitro,UMIGS
PRJNA233944,SRX487479,SRR1190388,11590689,2341319178,202,RNA-Seq,cDNA,TRANSCRIPTOMIC,PAIRED,ILLUMINA,MERS,in vitro,UMIGS
PRJNA233944,SRX487480,SRR1190389,11765121,2376554442,202,RNA-Seq,cDNA,TRANSCRIPTOMIC,PAIRED,ILLUMINA,MERS,in vitro,UMIGS
PRJNA233944,SRX487481,SRR1190390,11750598,2373620796,202,RNA-Seq,cDNA,TRANSCRIPTOMIC,PAIRED,ILLUMINA,MERS,in vitro,UMIGS
PRJNA233944,SRX487483,SRR1190391,11748519,2373200838,202,RNA-Seq,cDNA,TRANSCRIPTOMIC,PAIRED,ILLUMINA,MERS,in vitro,UMIGS
PRJNA233944,SRX487484,SRR1190392,11707760,2364967520,202,RNA-Seq,cDNA,TRANSCRIPTOMIC,PAIRED,ILLUMINA,MERS,in vitro,UMIGS
PRJNA233944,SRX487485,SRR1190393,11639657,2351210714,202,RNA-Seq,cDNA,TRANSCRIPTOMIC,PAIRED,ILLUMINA,MERS,in vitro,UMIGS
PRJNA233944,SRX490724,SRR1193854,14642133,2957710866,202,RNA-Seq,cDNA,TRANSCRIPTOMIC,PAIRED,ILLUMINA,MERS,in vitro,UMIGS
PRJNA233944,SRX490721,SRR1193855,14405542,2909919484,202,RNA-Seq,cDNA,TRANSCRIPTOMIC,PAIRED,ILLUMINA,MERS,in vitro,UMIGS
PRJNA233944,SRX490720,SRR1193856,14359719,2900663238,202,RNA-Seq,cDNA,TRANSCRIPTOMIC,PAIRED,ILLUMINA,MERS,in vitro,UMIGS
PRJNA233944,SRX490723,SRR1193857,14530266,2935113732,202,RNA-Seq,cDNA,TRANSCRIPTOMIC,PAIRED,ILLUMINA,MERS,in vitro,UMIGS
PRJNA233944,SRX490722,SRR1193858,14538001,2936676202,202,RNA-Seq,cDNA,TRANSCRIPTOMIC,PAIRED,ILLUMINA,MERS,in vitro,UMIGS
PRJNA233944,SRX490718,SRR1193859,14519617,2932962634,202,RNA-Seq,cDNA,TRANSCRIPTOMIC,PAIRED,ILLUMINA,MERS,in vitro,UMIGS
PRJNA233944,SRX490717,SRR1193860,14447382,2918371164,202,RNA-Seq,cDNA,TRANSCRIPTOMIC,PAIRED,ILLUMINA,MERS,in vitro,UMIGS
PRJNA233944,SRX490719,SRR1193861,14384858,2905741316,202,RNA-Seq,cDNA,TRANSCRIPTOMIC,PAIRED,ILLUMINA,MERS,in vitro,UMIGS
PRJNA238265,SRX470460,SRR1168895,5423749,279370085,51,RNA-Seq,cDNA,TRANSCRIPTOMIC,SINGLE,ILLUMINA,MERS,in vivo,GEO
PRJNA238265,SRX470461,SRR1168896,4714691,242852927,51,RNA-Seq,cDNA,TRANSCRIPTOMIC,SINGLE,ILLUMINA,MERS,in vivo,GEO
PRJNA238265,SRX470462,SRR1168897,4652791,239698127,51,RNA-Seq,cDNA,TRANSCRIPTOMIC,SINGLE,ILLUMINA,MERS,in vivo,GEO
PRJNA238265,SRX470463,SRR1168898,4851396,249937427,51,RNA-Seq,cDNA,TRANSCRIPTOMIC,SINGLE,ILLUMINA,MERS,in vivo,GEO
PRJNA238265,SRX470464,SRR1168899,4114458,211937272,51,RNA-Seq,cDNA,TRANSCRIPTOMIC,SINGLE,ILLUMINA,MERS,in vivo,GEO
PRJNA238265,SRX470465,SRR1168900,4563050,235040362,51,RNA-Seq,cDNA,TRANSCRIPTOMIC,SINGLE,ILLUMINA,MERS,in vivo,GEO
PRJNA238265,SRX470466,SRR1168901,4766953,245550422,51,RNA-Seq,cDNA,TRANSCRIPTOMIC,SINGLE,ILLUMINA,MERS,in vivo,GEO
PRJNA238265,SRX470467,SRR1168902,4298859,221445066,51,RNA-Seq,cDNA,TRANSCRIPTOMIC,SINGLE,ILLUMINA,MERS,in vivo,GEO
PRJNA238265,SRX470468,SRR1168903,6541409,340153268,52,RNA-Seq,cDNA,TRANSCRIPTOMIC,SINGLE,ILLUMINA,MERS,in vivo,GEO
PRJNA238265,SRX470469,SRR1168904,8414983,437579116,52,RNA-Seq,cDNA,TRANSCRIPTOMIC,SINGLE,ILLUMINA,MERS,in vivo,GEO
PRJNA238265,SRX470470,SRR1168905,2802230,144327446,51,RNA-Seq,cDNA,TRANSCRIPTOMIC,SINGLE,ILLUMINA,MERS,in vivo,GEO
PRJNA238265,SRX470471,SRR1168906,3281183,169001718,51,RNA-Seq,cDNA,TRANSCRIPTOMIC,SINGLE,ILLUMINA,MERS,in vivo,GEO
PRJNA238265,SRX470472,SRR1168907,3092085,159260000,51,RNA-Seq,cDNA,TRANSCRIPTOMIC,SINGLE,ILLUMINA,MERS,in vivo,GEO
PRJNA238265,SRX470473,SRR1168908,3256688,167741521,51,RNA-Seq,cDNA,TRANSCRIPTOMIC,SINGLE,ILLUMINA,MERS,in vivo,GEO
PRJNA238265,SRX470474,SRR1168909,2181565,112388477,51,RNA-Seq,cDNA,TRANSCRIPTOMIC,SINGLE,ILLUMINA,MERS,in vivo,GEO
PRJNA238265,SRX470475,SRR1168910,2518538,129750901,51,RNA-Seq,cDNA,TRANSCRIPTOMIC,SINGLE,ILLUMINA,MERS,in vivo,GEO
PRJNA238265,SRX470476,SRR1168911,2382855,122757924,51,RNA-Seq,cDNA,TRANSCRIPTOMIC,SINGLE,ILLUMINA,MERS,in vivo,GEO
PRJNA238265,SRX470477,SRR1168912,2516916,129671707,51,RNA-Seq,cDNA,TRANSCRIPTOMIC,SINGLE,ILLUMINA,MERS,in vivo,GEO
PRJNA238265,SRX470478,SRR1168913,2019137,103953552,51,RNA-Seq,cDNA,TRANSCRIPTOMIC,SINGLE,ILLUMINA,MERS,in vivo,GEO
PRJNA238265,SRX470479,SRR1168914,2303357,118604592,51,RNA-Seq,cDNA,TRANSCRIPTOMIC,SINGLE,ILLUMINA,MERS,in vivo,GEO
PRJNA238265,SRX470480,SRR1168915,2161047,111273697,51,RNA-Seq,cDNA,TRANSCRIPTOMIC,SINGLE,ILLUMINA,MERS,in vivo,GEO
PRJNA238265,SRX470481,SRR1168916,2026321,104352847,51,RNA-Seq,cDNA,TRANSCRIPTOMIC,SINGLE,ILLUMINA,MERS,in vivo,GEO
PRJNA238265,SRX470482,SRR1168917,1817409,93551660,51,RNA-Seq,cDNA,TRANSCRIPTOMIC,SINGLE,ILLUMINA,MERS,in vivo,GEO
PRJNA238265,SRX470483,SRR1168918,2125038,109406991,51,RNA-Seq,cDNA,TRANSCRIPTOMIC,SINGLE,ILLUMINA,MERS,in vivo,GEO
PRJNA238265,SRX470484,SRR1168919,1948394,100309937,51,RNA-Seq,cDNA,TRANSCRIPTOMIC,SINGLE,ILLUMINA,MERS,in vivo,GEO
PRJNA238265,SRX470485,SRR1168920,1982952,102106828,51,RNA-Seq,cDNA,TRANSCRIPTOMIC,SINGLE,ILLUMINA,MERS,in vivo,GEO
PRJNA238265,SRX470486,SRR1168921,1909001,98339703,51,RNA-Seq,cDNA,TRANSCRIPTOMIC,SINGLE,ILLUMINA,MERS,in vivo,GEO
PRJNA238265,SRX470487,SRR1168922,2217776,114248227,51,RNA-Seq,cDNA,TRANSCRIPTOMIC,SINGLE,ILLUMINA,MERS,in vivo,GEO
PRJNA238265,SRX470488,SRR1168923,2093781,107861291,51,RNA-Seq,cDNA,TRANSCRIPTOMIC,SINGLE,ILLUMINA,MERS,in vivo,GEO
PRJNA238265,SRX470489,SRR1168924,2173732,111985935,51,RNA-Seq,cDNA,TRANSCRIPTOMIC,SINGLE,ILLUMINA,MERS,in vivo,GEO
PRJNA238265,SRX470490,SRR1168925,2469886,127207553,51,RNA-Seq,cDNA,TRANSCRIPTOMIC,SINGLE,ILLUMINA,MERS,in vivo,GEO
PRJNA238265,SRX470491,SRR1168926,2816716,145081519,51,RNA-Seq,cDNA,TRANSCRIPTOMIC,SINGLE,ILLUMINA,MERS,in vivo,GEO
PRJNA238265,SRX470492,SRR1168927,2666098,137321996,51,RNA-Seq,cDNA,TRANSCRIPTOMIC,SINGLE,ILLUMINA,MERS,in vivo,GEO
PRJNA238265,SRX470493,SRR1168928,2749022,141611211,51,RNA-Seq,cDNA,TRANSCRIPTOMIC,SINGLE,ILLUMINA,MERS,in vivo,GEO
PRJNA238265,SRX470494,SRR1168929,1991116,102522888,51,RNA-Seq,cDNA,TRANSCRIPTOMIC,SINGLE,ILLUMINA,MERS,in vivo,GEO
PRJNA238265,SRX470495,SRR1168930,2291399,118003415,51,RNA-Seq,cDNA,TRANSCRIPTOMIC,SINGLE,ILLUMINA,MERS,in vivo,GEO
PRJNA238265,SRX470496,SRR1168931,2172952,111900827,51,RNA-Seq,cDNA,TRANSCRIPTOMIC,SINGLE,ILLUMINA,MERS,in vivo,GEO
PRJNA238265,SRX470497,SRR1168932,2238974,115326035,51,RNA-Seq,cDNA,TRANSCRIPTOMIC,SINGLE,ILLUMINA,MERS,in vivo,GEO
PRJNA238265,SRX470498,SRR1168933,2400998,123576839,51,RNA-Seq,cDNA,TRANSCRIPTOMIC,SINGLE,ILLUMINA,MERS,in vivo,GEO
PRJNA238265,SRX470499,SRR1168934,2775593,142880600,51,RNA-Seq,cDNA,TRANSCRIPTOMIC,SINGLE,ILLUMINA,MERS,in vivo,GEO
PRJNA238265,SRX470500,SRR1168935,2617727,134754859,51,RNA-Seq,cDNA,TRANSCRIPTOMIC,SINGLE,ILLUMINA,MERS,in vivo,GEO
PRJNA238265,SRX470501,SRR1168936,2705725,139313166,51,RNA-Seq,cDNA,TRANSCRIPTOMIC,SINGLE,ILLUMINA,MERS,in vivo,GEO
PRJNA238265,SRX470502,SRR1168937,14859450,742972500,50,RNA-Seq,cDNA,TRANSCRIPTOMIC,SINGLE,ILLUMINA,MERS,in vivo,GEO
PRJNA277369,SRX950213,SRR1873758,45673209,4384628064,96,RNA-Seq,PolyA,VIRAL RNA,PAIRED,ILLUMINA,HKU3,in vivo,UNC CHAPEL HILL
PRJNA277369,SRX952136,SRR1910440,14935985,1433854560,96,RNA-Seq,PolyA,VIRAL RNA,PAIRED,ILLUMINA,HKU3,in vivo,UNC CHAPEL HILL
PRJNA277369,SRX952144,SRR1910449,40924021,3928706016,96,RNA-Seq,PolyA,VIRAL RNA,PAIRED,ILLUMINA,HKU5,in vivo,UNC CHAPEL HILL
PRJNA277369,SRX952562,SRR1910902,1400,134400,96,RNA-Seq,PolyA,VIRAL RNA,PAIRED,ILLUMINA,HKU5,in vivo,UNC CHAPEL HILL
PRJNA277369,SRX952562,SRR1914296,57871431,5555657376,96,RNA-Seq,PolyA,VIRAL RNA,PAIRED,ILLUMINA,HKU5,in vivo,UNC CHAPEL HILL
PRJNA277369,SRX952143,SRR1910446,41357751,3970344096,96,RNA-Seq,PolyA,VIRAL RNA,PAIRED,ILLUMINA,MERS,in vivo,UNC CHAPEL HILL
PRJNA279442,SRX970748,SRR1942960,39442129,7967310058,202,RNA-Seq,unspecified,TRANSCRIPTOMIC,PAIRED,ILLUMINA,MERS,in vitro,THE UNIVERSITY OF HONG KONG
PRJNA279442,SRX970748,SRR1942961,30728022,6207060444,202,RNA-Seq,unspecified,TRANSCRIPTOMIC,PAIRED,ILLUMINA,MERS,in vitro,THE UNIVERSITY OF HONG KONG
PRJNA279442,SRX970762,SRR1942985,43915236,8870877672,202,RNA-Seq,unspecified,TRANSCRIPTOMIC,PAIRED,ILLUMINA,MERS,in vitro,THE UNIVERSITY OF HONG KONG
PRJNA279442,SRX970762,SRR1942987,45428389,9176534578,202,RNA-Seq,unspecified,TRANSCRIPTOMIC,PAIRED,ILLUMINA,MERS,in vitro,THE UNIVERSITY OF HONG KONG
PRJNA279442,SRX970749,SRR1942962,43358284,8758373368,202,RNA-Seq,unspecified,TRANSCRIPTOMIC,PAIRED,ILLUMINA,MERS,in vitro,THE UNIVERSITY OF HONG KONG
PRJNA279442,SRX970749,SRR1942963,41120708,8306383016,202,RNA-Seq,unspecified,TRANSCRIPTOMIC,PAIRED,ILLUMINA,MERS,in vitro,THE UNIVERSITY OF HONG KONG
PRJNA279442,SRX970763,SRR1942989,44033635,8894794270,202,RNA-Seq,unspecified,TRANSCRIPTOMIC,PAIRED,ILLUMINA,MERS,in vitro,THE UNIVERSITY OF HONG KONG
PRJNA279442,SRX970763,SRR1942990,44895914,9068974628,202,RNA-Seq,unspecified,TRANSCRIPTOMIC,PAIRED,ILLUMINA,MERS,in vitro,THE UNIVERSITY OF HONG KONG
PRJNA279442,SRX970760,SRR1942983,39994273,8078843146,202,RNA-Seq,unspecified,TRANSCRIPTOMIC,PAIRED,ILLUMINA,MERS,in vitro,THE UNIVERSITY OF HONG KONG
PRJNA279442,SRX970760,SRR1942984,44665069,9022343938,202,RNA-Seq,unspecified,TRANSCRIPTOMIC,PAIRED,ILLUMINA,MERS,in vitro,THE UNIVERSITY OF HONG KONG
PRJNA279442,SRX970730,SRR1942929,42193709,8523129218,202,RNA-Seq,unspecified,TRANSCRIPTOMIC,PAIRED,ILLUMINA,SARS,in vitro,THE UNIVERSITY OF HONG KONG
PRJNA279442,SRX970730,SRR1942934,51311713,10364966026,202,RNA-Seq,unspecified,TRANSCRIPTOMIC,PAIRED,ILLUMINA,SARS,in vitro,THE UNIVERSITY OF HONG KONG
PRJNA279442,SRX970744,SRR1942952,35812306,7234085812,202,RNA-Seq,unspecified,TRANSCRIPTOMIC,PAIRED,ILLUMINA,SARS,in vitro,THE UNIVERSITY OF HONG KONG
PRJNA279442,SRX970744,SRR1942954,34259799,6920479398,202,RNA-Seq,unspecified,TRANSCRIPTOMIC,PAIRED,ILLUMINA,SARS,in vitro,THE UNIVERSITY OF HONG KONG
PRJNA279442,SRX970735,SRR1942938,47437315,9582337630,202,RNA-Seq,unspecified,TRANSCRIPTOMIC,PAIRED,ILLUMINA,SARS,in vitro,THE UNIVERSITY OF HONG KONG
PRJNA279442,SRX970735,SRR1942939,47065190,9507168380,202,RNA-Seq,unspecified,TRANSCRIPTOMIC,PAIRED,ILLUMINA,SARS,in vitro,THE UNIVERSITY OF HONG KONG
PRJNA279442,SRX970745,SRR1942956,41043137,8290713674,202,RNA-Seq,unspecified,TRANSCRIPTOMIC,PAIRED,ILLUMINA,SARS,in vitro,THE UNIVERSITY OF HONG KONG
PRJNA279442,SRX970745,SRR1942957,39199966,7918393132,202,RNA-Seq,unspecified,TRANSCRIPTOMIC,PAIRED,ILLUMINA,SARS,in vitro,THE UNIVERSITY OF HONG KONG
PRJNA279442,SRX970742,SRR1942946,37569872,7589114144,202,RNA-Seq,unspecified,TRANSCRIPTOMIC,PAIRED,ILLUMINA,SARS,in vitro,THE UNIVERSITY OF HONG KONG
PRJNA279442,SRX970742,SRR1942948,45755964,9242704728,202,RNA-Seq,unspecified,TRANSCRIPTOMIC,PAIRED,ILLUMINA,SARS,in vitro,THE UNIVERSITY OF HONG KONG
PRJNA545350,SRX5930074,SRR9156994,12295228,934437328,76,RNA-Seq,cDNA,TRANSCRIPTOMIC,SINGLE,ILLUMINA,MERS,in vivo,GEO
PRJNA545350,SRX5930075,SRR9156995,11898356,904275056,76,RNA-Seq,cDNA,TRANSCRIPTOMIC,SINGLE,ILLUMINA,MERS,in vivo,GEO
PRJNA545350,SRX5930076,SRR9156996,12004569,912347244,76,RNA-Seq,cDNA,TRANSCRIPTOMIC,SINGLE,ILLUMINA,MERS,in vivo,GEO
PRJNA545350,SRX5930077,SRR9156997,11490630,873287880,76,RNA-Seq,cDNA,TRANSCRIPTOMIC,SINGLE,ILLUMINA,MERS,in vivo,GEO
PRJNA545350,SRX5930078,SRR9156998,11610472,882395872,76,RNA-Seq,cDNA,TRANSCRIPTOMIC,SINGLE,ILLUMINA,MERS,in vivo,GEO
PRJNA545350,SRX5930079,SRR9156999,11340462,861875112,76,RNA-Seq,cDNA,TRANSCRIPTOMIC,SINGLE,ILLUMINA,MERS,in vivo,GEO
PRJNA545350,SRX5930080,SRR9157000,11487982,873086632,76,RNA-Seq,cDNA,TRANSCRIPTOMIC,SINGLE,ILLUMINA,MERS,in vivo,GEO
PRJNA545350,SRX5930081,SRR9157001,11098245,843466620,76,RNA-Seq,cDNA,TRANSCRIPTOMIC,SINGLE,ILLUMINA,MERS,in vivo,GEO
PRJNA545350,SRX5930082,SRR9157002,12774770,970882520,76,RNA-Seq,cDNA,TRANSCRIPTOMIC,SINGLE,ILLUMINA,MERS,in vivo,GEO
PRJNA545350,SRX5930083,SRR9157003,12847299,976394724,76,RNA-Seq,cDNA,TRANSCRIPTOMIC,SINGLE,ILLUMINA,MERS,in vivo,GEO
PRJNA545350,SRX5930084,SRR9157004,11694477,888780252,76,RNA-Seq,cDNA,TRANSCRIPTOMIC,SINGLE,ILLUMINA,MERS,in vivo,GEO
PRJNA545350,SRX5930085,SRR9157005,11527671,876102996,76,RNA-Seq,cDNA,TRANSCRIPTOMIC,SINGLE,ILLUMINA,MERS,in vivo,GEO
PRJNA545350,SRX5930086,SRR9157006,12592652,957041552,76,RNA-Seq,cDNA,TRANSCRIPTOMIC,SINGLE,ILLUMINA,MERS,in vivo,GEO
PRJNA545350,SRX5930087,SRR9157007,11458400,870838400,76,RNA-Seq,cDNA,TRANSCRIPTOMIC,SINGLE,ILLUMINA,MERS,in vivo,GEO
PRJNA545350,SRX5930088,SRR9157008,11249785,854983660,76,RNA-Seq,cDNA,TRANSCRIPTOMIC,SINGLE,ILLUMINA,MERS,in vivo,GEO
PRJNA545350,SRX5930089,SRR9157009,11054978,840178328,76,RNA-Seq,cDNA,TRANSCRIPTOMIC,SINGLE,ILLUMINA,MERS,in vivo,GEO
PRJNA580021,SRX7066767,SRR10357366,31885169,9565550700,300,RNA-Seq,cDNA,TRANSCRIPTOMIC,PAIRED,ILLUMINA,MERS,in vitro,GEO
PRJNA580021,SRX7066768,SRR10357367,22368064,6710419200,300,RNA-Seq,cDNA,TRANSCRIPTOMIC,PAIRED,ILLUMINA,MERS,in vitro,GEO
PRJNA580021,SRX7066769,SRR10357368,23108924,6932677200,300,RNA-Seq,cDNA,TRANSCRIPTOMIC,PAIRED,ILLUMINA,MERS,in vitro,GEO
PRJNA580021,SRX7066770,SRR10357369,20863811,6259143300,300,RNA-Seq,cDNA,TRANSCRIPTOMIC,PAIRED,ILLUMINA,MERS,in vitro,GEO
PRJNA580021,SRX7066771,SRR10357370,19835626,5950687800,300,RNA-Seq,cDNA,TRANSCRIPTOMIC,PAIRED,ILLUMINA,MERS,in vitro,GEO
PRJNA580021,SRX7066772,SRR10357371,22362375,6708712500,300,RNA-Seq,cDNA,TRANSCRIPTOMIC,PAIRED,ILLUMINA,MERS,in vitro,GEO
PRJNA580021,SRX7066773,SRR10357372,24800897,7440269100,300,RNA-Seq,cDNA,TRANSCRIPTOMIC,PAIRED,ILLUMINA,MERS,in vitro,GEO
PRJNA580021,SRX7066774,SRR10357373,22895502,6868650600,300,RNA-Seq,cDNA,TRANSCRIPTOMIC,PAIRED,ILLUMINA,MERS,in vitro,GEO
PRJNA580021,SRX7066775,SRR10357374,28001520,8400456000,300,RNA-Seq,cDNA,TRANSCRIPTOMIC,PAIRED,ILLUMINA,MERS,in vitro,GEO
PRJNA580021,SRX7066776,SRR10357375,22791114,6837334200,300,RNA-Seq,cDNA,TRANSCRIPTOMIC,PAIRED,ILLUMINA,MERS,in vitro,GEO
PRJNA580021,SRX7066777,SRR10357376,27930767,8379230100,300,RNA-Seq,cDNA,TRANSCRIPTOMIC,PAIRED,ILLUMINA,MERS,in vitro,GEO
PRJNA580021,SRX7066778,SRR10357377,20754629,6226388700,300,RNA-Seq,cDNA,TRANSCRIPTOMIC,PAIRED,ILLUMINA,MERS,in vitro,GEO
PRJNA580021,SRX7066779,SRR10357378,20561063,6168318900,300,miRNA-Seq,size fractionation,TRANSCRIPTOMIC,PAIRED,ILLUMINA,MERS,in vitro,GEO
PRJNA580021,SRX7066780,SRR10357379,21286785,6386035500,300,miRNA-Seq,size fractionation,TRANSCRIPTOMIC,PAIRED,ILLUMINA,MERS,in vitro,GEO
PRJNA580021,SRX7066781,SRR10357380,21507714,6452314200,300,miRNA-Seq,size fractionation,TRANSCRIPTOMIC,PAIRED,ILLUMINA,MERS,in vitro,GEO
PRJNA580021,SRX7066782,SRR10357381,27856225,8356867500,300,miRNA-Seq,size fractionation,TRANSCRIPTOMIC,PAIRED,ILLUMINA,MERS,in vitro,GEO
PRJNA580021,SRX7066783,SRR10357382,24700170,7410051000,300,miRNA-Seq,size fractionation,TRANSCRIPTOMIC,PAIRED,ILLUMINA,MERS,in vitro,GEO
PRJNA580021,SRX7066784,SRR10357383,23314353,6994305900,300,miRNA-Seq,size fractionation,TRANSCRIPTOMIC,PAIRED,ILLUMINA,MERS,in vitro,GEO
PRJNA580021,SRX7066785,SRR10357384,41197500,12359250000,300,ncRNA-Seq,size fractionation,TRANSCRIPTOMIC,PAIRED,ILLUMINA,MERS,in vitro,GEO
PRJNA580021,SRX7066786,SRR10357385,50747540,15224262000,300,ncRNA-Seq,size fractionation,TRANSCRIPTOMIC,PAIRED,ILLUMINA,MERS,in vitro,GEO
PRJNA580021,SRX7066787,SRR10357386,63198971,18959691300,300,ncRNA-Seq,size fractionation,TRANSCRIPTOMIC,PAIRED,ILLUMINA,MERS,in vitro,GEO
PRJNA580021,SRX7066788,SRR10357387,48665415,14599624500,300,ncRNA-Seq,size fractionation,TRANSCRIPTOMIC,PAIRED,ILLUMINA,MERS,in vitro,GEO
PRJNA580021,SRX7066789,SRR10357388,35150946,10545283800,300,ncRNA-Seq,size fractionation,TRANSCRIPTOMIC,PAIRED,ILLUMINA,MERS,in vitro,GEO
PRJNA580021,SRX7066790,SRR10357389,52786072,15835821600,300,ncRNA-Seq,size fractionation,TRANSCRIPTOMIC,PAIRED,ILLUMINA,MERS,in vitro,GEO
PRJNA580021,SRX7066791,SRR10357390,56334571,16900371300,300,ncRNA-Seq,size fractionation,TRANSCRIPTOMIC,PAIRED,ILLUMINA,MERS,in vitro,GEO
PRJNA580021,SRX7066792,SRR10357391,64101858,19230557400,300,ncRNA-Seq,size fractionation,TRANSCRIPTOMIC,PAIRED,ILLUMINA,MERS,in vitro,GEO
PRJNA580021,SRX7066793,SRR10357392,38010535,11403160500,300,ncRNA-Seq,size fractionation,TRANSCRIPTOMIC,PAIRED,ILLUMINA,MERS,in vitro,GEO
PRJNA601736,SRX7571570,SRR10903402,676694,203832203,301,RNA-Seq,RANDOM,METATRANSCRIPTOMIC,PAIRED,ILLUMINA,SARS2,in vivo,WUHAN UNIVERSITY
PRJNA601736,SRX7571571,SRR10903401,476632,143565674,301,RNA-Seq,RANDOM,METATRANSCRIPTOMIC,PAIRED,ILLUMINA,SARS2,in vivo,WUHAN UNIVERSITY
PRJNA603194,SRX7636886,SRR10971381,28282964,8031043214,283,RNA-Seq,RANDOM,METATRANSCRIPTOMIC,PAIRED,ILLUMINA,SARS2,in vivo,SHANGHAI PUBLIC HEALTH CLINICAL CENTER & SCHOOL OF PUBLIC HEALTH
PRJNA605907,SRX7705831,SRR11059947,66043074,8728641275,132,RNA-Seq,RT-PCR,METATRANSCRIPTOMIC,PAIRED,ILLUMINA,SARS2,in vivo,BIG
PRJNA605907,SRX7705832,SRR11059946,5247615,726432925,138,RNA-Seq,RT-PCR,METATRANSCRIPTOMIC,PAIRED,ILLUMINA,SARS2,in vivo,BIG
PRJNA605907,SRX7705833,SRR11059945,186576,24513827,131,RNA-Seq,RT-PCR,METATRANSCRIPTOMIC,PAIRED,ILLUMINA,SARS2,in vivo,BIG
PRJNA605907,SRX7705834,SRR11059944,1012571,134313125,132,RNA-Seq,RT-PCR,METATRANSCRIPTOMIC,PAIRED,ILLUMINA,SARS2,in vivo,BIG
PRJNA605907,SRX7705835,SRR11059943,182228,19977094,109,RNA-Seq,RT-PCR,METATRANSCRIPTOMIC,PAIRED,ILLUMINA,SARS2,in vivo,BIG
PRJNA605907,SRX7705836,SRR11059942,1974638,212641182,107,RNA-Seq,RT-PCR,METATRANSCRIPTOMIC,PAIRED,ILLUMINA,SARS2,in vivo,BIG
PRJNA605907,SRX7705837,SRR11059941,13048,1477468,113,RNA-Seq,RT-PCR,METATRANSCRIPTOMIC,PAIRED,ILLUMINA,SARS2,in vivo,BIG
PRJNA605907,SRX7705838,SRR11059940,76740,8325534,108,RNA-Seq,RT-PCR,METATRANSCRIPTOMIC,PAIRED,ILLUMINA,SARS2,in vivo,BIG
PRJNA605983,SRX7730885,SRR11092058,8267029,2232781003,270,RNA-Seq,RANDOM,METAGENOMIC,PAIRED,ILLUMINA,SARS2,in vivo,WUHAN INSTITUTE OF VIROLOGY
PRJNA605983,SRX7730880,SRR11092063,67083195,20124958500,300,RNA-Seq,RANDOM,METAGENOMIC,PAIRED,ILLUMINA,SARS2,in vivo,WUHAN INSTITUTE OF VIROLOGY
PRJNA605983,SRX7730886,SRR11092057,5184909,1456539874,280,RNA-Seq,RANDOM,METAGENOMIC,PAIRED,ILLUMINA,SARS2,in vivo,WUHAN INSTITUTE OF VIROLOGY
PRJNA605983,SRX7730881,SRR11092062,61304030,18391209000,300,RNA-Seq,RANDOM,METAGENOMIC,PAIRED,ILLUMINA,SARS2,in vivo,WUHAN INSTITUTE OF VIROLOGY
PRJNA605983,SRX7730882,SRR11092061,34255843,10276752900,300,RNA-Seq,RANDOM,METAGENOMIC,PAIRED,ILLUMINA,SARS2,in vivo,WUHAN INSTITUTE OF VIROLOGY
PRJNA605983,SRX7730883,SRR11092060,29675834,8902750200,300,RNA-Seq,RANDOM,METAGENOMIC,PAIRED,ILLUMINA,SARS2,in vivo,WUHAN INSTITUTE OF VIROLOGY
PRJNA605983,SRX7730887,SRR11092056,5239723,1484179677,283,RNA-Seq,RANDOM,METAGENOMIC,PAIRED,ILLUMINA,SARS2,in vivo,WUHAN INSTITUTE OF VIROLOGY
PRJNA605983,SRX7730884,SRR11092059,38464188,11539256400,300,RNA-Seq,RANDOM,METAGENOMIC,PAIRED,ILLUMINA,SARS2,in vivo,WUHAN INSTITUTE OF VIROLOGY
PRJNA605983,SRX7730879,SRR11092064,3566583,1036248134,290,RNA-Seq,RANDOM,METAGENOMIC,PAIRED,ILLUMINA,SARS2,in vivo,WUHAN INSTITUTE OF VIROLOGY
PRJNA606159,SRX7724690,SRR11085739,4796377,870609500,181,RNA-Seq,RANDOM,METAGENOMIC,PAIRED,ILLUMINA,131656,in vivo,WUHAN INSTITUTE OF VIROLOGY
PRJNA606159,SRX7724693,SRR11085736,11924182,3458628776,290,RNA-Seq,RANDOM,METAGENOMIC,PAIRED,ILLUMINA,160660,in vivo,WUHAN INSTITUTE OF VIROLOGY
PRJNA606159,SRX7724694,SRR11085735,4016562,987497346,245,RNA-Seq,RANDOM,METAGENOMIC,PAIRED,ILLUMINA,160942,in vivo,WUHAN INSTITUTE OF VIROLOGY
PRJNA606159,SRX7724695,SRR11085734,9635986,2752732821,285,RNA-Seq,RANDOM,METAGENOMIC,PAIRED,ILLUMINA,161454,in vivo,WUHAN INSTITUTE OF VIROLOGY
PRJNA606159,SRX7724688,SRR11085741,12453192,3480540019,279,RNA-Seq,RANDOM,METAGENOMIC,PAIRED,ILLUMINA,5425,in vivo,WUHAN INSTITUTE OF VIROLOGY
PRJNA606159,SRX7724689,SRR11085740,9833862,2755667968,280,RNA-Seq,RANDOM,METAGENOMIC,PAIRED,ILLUMINA,6610,in vivo,WUHAN INSTITUTE OF VIROLOGY
PRJNA606159,SRX7724691,SRR11085738,14762465,4198475966,284,RNA-Seq,RANDOM,METAGENOMIC,PAIRED,ILLUMINA,BY140568,in vivo,WUHAN INSTITUTE OF VIROLOGY
PRJNA606159,SRX7724696,SRR11085733,13547864,3868905116,285,RNA-Seq,RANDOM,METAGENOMIC,PAIRED,ILLUMINA,CHB0025,in vivo,WUHAN INSTITUTE OF VIROLOGY
PRJNA606159,SRX7724692,SRR11085737,11545986,3087725372,267,RNA-Seq,RANDOM,METAGENOMIC,PAIRED,ILLUMINA,HK140714,in vivo,WUHAN INSTITUTE OF VIROLOGY
PRJNA606165,SRX7724752,SRR11085797,11604666,3296572317,284,RNA-Seq,RANDOM,METAGENOMIC,PAIRED,ILLUMINA,RaTG13,in vivo,WUHAN INSTITUTE OF VIROLOGY
PRJNA606875,SRX7732094,SRR11093265,2633,195248,74,RNA-Seq,RANDOM,VIRAL RNA,SINGLE,ILLUMINA,EPI_ISL_410544,in vivo,INSTITUTE OF MICROBIOLOGY AND EPIDEMIOLOGY
PRJNA606875,SRX7732093,SRR11093266,470344,132411927,281,AMPLICON,PCR,VIRAL RNA,PAIRED,ILLUMINA,Pangolin coronavirus,in vivo,INSTITUTE OF MICROBIOLOGY AND EPIDEMIOLOGY
PRJNA606875,SRX7732088,SRR11093271,4550437,555843991,122,RNA-Seq,RANDOM,VIRAL RNA,SINGLE,ION_TORRENT,EPI_ISL_410542,in vivo,INSTITUTE OF MICROBIOLOGY AND EPIDEMIOLOGY
PRJNA606875,SRX7732089,SRR11093270,19607536,741300399,37,RNA-Seq,RANDOM,VIRAL RNA,SINGLE,ION_TORRENT,EPI_ISL_410543,in vivo,INSTITUTE OF MICROBIOLOGY AND EPIDEMIOLOGY
PRJNA606875,SRX7732090,SRR11093269,520254,137676575,264,AMPLICON,PCR,VIRAL RNA,PAIRED,ILLUMINA,Pangolin coronavirus,in vivo,INSTITUTE OF MICROBIOLOGY AND EPIDEMIOLOGY
PRJNA606875,SRX7732091,SRR11093268,416659,119635352,287,AMPLICON,PCR,VIRAL RNA,PAIRED,ILLUMINA,Pangolin coronavirus,in vivo,INSTITUTE OF MICROBIOLOGY AND EPIDEMIOLOGY
PRJNA606875,SRX7732092,SRR11093267,340661,95081113,279,AMPLICON,PCR,VIRAL RNA,PAIRED,ILLUMINA,Pangolin coronavirus,in vivo,INSTITUTE OF MICROBIOLOGY AND EPIDEMIOLOGY
PRJNA610428,SRX7884333,SRR11278092,101360,7592719,74,RNA-Seq,unspecified,VIRAL RNA,SINGLE,ILLUMINA,SARS2,in vivo,UNIVERSITY OF WASHINGTON
PRJNA610428,SRX7884334,SRR11278091,597251,44717558,74,RNA-Seq,unspecified,VIRAL RNA,SINGLE,ILLUMINA,SARS2,in vivo,UNIVERSITY OF WASHINGTON
PRJNA610428,SRX7884335,SRR11278090,24424,1830456,74,RNA-Seq,unspecified,VIRAL RNA,SINGLE,ILLUMINA,SARS2,in vivo,UNIVERSITY OF WASHINGTON
PRJNA610428,SRX7884407,SRR11278168,44159,2913504,65,RNA-Seq,unspecified,VIRAL RNA,SINGLE,ILLUMINA,SARS2,in vivo,UNIVERSITY OF WASHINGTON
PRJNA610428,SRX7884408,SRR11278167,10124079,759300927,74,RNA-Seq,unspecified,VIRAL RNA,SINGLE,ILLUMINA,SARS2,in vivo,UNIVERSITY OF WASHINGTON
PRJNA610428,SRX7884409,SRR11278166,8213820,615986088,74,RNA-Seq,unspecified,VIRAL RNA,SINGLE,ILLUMINA,SARS2,in vivo,UNIVERSITY OF WASHINGTON
PRJNA610428,SRX7884410,SRR11278165,122658,9173640,74,RNA-Seq,unspecified,VIRAL RNA,SINGLE,ILLUMINA,SARS2,in vivo,UNIVERSITY OF WASHINGTON
PRJNA610428,SRX7884411,SRR11278164,3801124,284858490,74,RNA-Seq,unspecified,VIRAL RNA,SINGLE,ILLUMINA,SARS2,in vivo,UNIVERSITY OF WASHINGTON
PRJNA610428,SRX7852918,SRR11241254,131952,22249638,168,RNA-Seq,unspecified,VIRAL RNA,SINGLE,ILLUMINA,SARS2,in vivo,UNIVERSITY OF WASHINGTON
PRJNA610428,SRX7852917,SRR11241255,123353,22252301,180,RNA-Seq,unspecified,VIRAL RNA,SINGLE,ILLUMINA,SARS2,in vivo,UNIVERSITY OF WASHINGTON
PRJNA610428,SRX7857602,SRR11247078,1087374,199651225,183,RNA-Seq,unspecified,VIRAL RNA,SINGLE,ILLUMINA,SARS2,in vivo,UNIVERSITY OF WASHINGTON
PRJNA610428,SRX7857603,SRR11247077,643627,118148011,183,RNA-Seq,unspecified,VIRAL RNA,SINGLE,ILLUMINA,SARS2,in vivo,UNIVERSITY OF WASHINGTON
PRJNA610428,SRX7857604,SRR11247076,61329,11080510,180,RNA-Seq,unspecified,VIRAL RNA,SINGLE,ILLUMINA,SARS2,in vivo,UNIVERSITY OF WASHINGTON
PRJNA610428,SRX7857605,SRR11247075,10454,888775,85,RNA-Seq,unspecified,VIRAL RNA,SINGLE,ILLUMINA,SARS2,in vivo,UNIVERSITY OF WASHINGTON
PRJNA615032,SRX8089294,SRR11517771,3844395,541108908,140,RNA-Seq,cDNA,TRANSCRIPTOMIC,SINGLE,ILLUMINA,SARS2,in vitro,GEO
PRJNA615032,SRX8089294,SRR11517772,3944798,555359890,140,RNA-Seq,cDNA,TRANSCRIPTOMIC,SINGLE,ILLUMINA,SARS2,in vitro,GEO
PRJNA615032,SRX8089294,SRR11517773,4072967,574294429,141,RNA-Seq,cDNA,TRANSCRIPTOMIC,SINGLE,ILLUMINA,SARS2,in vitro,GEO
PRJNA615032,SRX8089294,SRR11517774,3880211,545500857,140,RNA-Seq,cDNA,TRANSCRIPTOMIC,SINGLE,ILLUMINA,SARS2,in vitro,GEO
PRJNA615032,SRX8089295,SRR11517775,10663561,1249165552,117,RNA-Seq,cDNA,TRANSCRIPTOMIC,SINGLE,ILLUMINA,SARS2,in vitro,GEO
PRJNA615032,SRX8089295,SRR11517776,10558651,1238137451,117,RNA-Seq,cDNA,TRANSCRIPTOMIC,SINGLE,ILLUMINA,SARS2,in vitro,GEO
PRJNA615032,SRX8089295,SRR11517777,11116626,1296746530,116,RNA-Seq,cDNA,TRANSCRIPTOMIC,SINGLE,ILLUMINA,SARS2,in vitro,GEO
PRJNA615032,SRX8089295,SRR11517778,10769525,1258572426,116,RNA-Seq,cDNA,TRANSCRIPTOMIC,SINGLE,ILLUMINA,SARS2,in vitro,GEO
PRJNA615032,SRX8089296,SRR11517779,2677489,319094168,119,RNA-Seq,cDNA,TRANSCRIPTOMIC,SINGLE,ILLUMINA,SARS2,in vitro,GEO
PRJNA615032,SRX8089296,SRR11517780,2658905,315874549,118,RNA-Seq,cDNA,TRANSCRIPTOMIC,SINGLE,ILLUMINA,SARS2,in vitro,GEO
PRJNA615032,SRX8089296,SRR11517781,2773735,329953356,118,RNA-Seq,cDNA,TRANSCRIPTOMIC,SINGLE,ILLUMINA,SARS2,in vitro,GEO
PRJNA615032,SRX8089296,SRR11517782,2712861,321411146,118,RNA-Seq,cDNA,TRANSCRIPTOMIC,SINGLE,ILLUMINA,SARS2,in vitro,GEO
PRJNA615032,SRX8089297,SRR11517783,2534039,309925743,122,RNA-Seq,cDNA,TRANSCRIPTOMIC,SINGLE,ILLUMINA,SARS2,in vitro,GEO
PRJNA615032,SRX8089297,SRR11517784,2467864,301268542,122,RNA-Seq,cDNA,TRANSCRIPTOMIC,SINGLE,ILLUMINA,SARS2,in vitro,GEO
PRJNA615032,SRX8089297,SRR11517785,2473588,301419233,121,RNA-Seq,cDNA,TRANSCRIPTOMIC,SINGLE,ILLUMINA,SARS2,in vitro,GEO
PRJNA615032,SRX8089297,SRR11517786,2516410,306437740,121,RNA-Seq,cDNA,TRANSCRIPTOMIC,SINGLE,ILLUMINA,SARS2,in vitro,GEO
PRJNA615032,SRX8089298,SRR11517787,1311388,172818650,131,RNA-Seq,cDNA,TRANSCRIPTOMIC,SINGLE,ILLUMINA,SARS2,in vitro,GEO
PRJNA615032,SRX8089298,SRR11517788,1299165,171140853,131,RNA-Seq,cDNA,TRANSCRIPTOMIC,SINGLE,ILLUMINA,SARS2,in vitro,GEO
PRJNA615032,SRX8089298,SRR11517789,1258773,165027088,131,RNA-Seq,cDNA,TRANSCRIPTOMIC,SINGLE,ILLUMINA,SARS2,in vitro,GEO
PRJNA615032,SRX8089298,SRR11517790,1305422,171338726,131,RNA-Seq,cDNA,TRANSCRIPTOMIC,SINGLE,ILLUMINA,SARS2,in vitro,GEO
PRJNA615032,SRX8089299,SRR11517791,3610484,510101073,141,RNA-Seq,cDNA,TRANSCRIPTOMIC,SINGLE,ILLUMINA,SARS2,in vitro,GEO
PRJNA615032,SRX8089299,SRR11517792,3726811,526557885,141,RNA-Seq,cDNA,TRANSCRIPTOMIC,SINGLE,ILLUMINA,SARS2,in vitro,GEO
PRJNA615032,SRX8089299,SRR11517793,3825859,541223334,141,RNA-Seq,cDNA,TRANSCRIPTOMIC,SINGLE,ILLUMINA,SARS2,in vitro,GEO
PRJNA615032,SRX8089299,SRR11517794,3671528,518314451,141,RNA-Seq,cDNA,TRANSCRIPTOMIC,SINGLE,ILLUMINA,SARS2,in vitro,GEO
PRJNA615032,SRX8089300,SRR11517795,2246829,321333561,143,RNA-Seq,cDNA,TRANSCRIPTOMIC,SINGLE,ILLUMINA,SARS2,in vitro,GEO
PRJNA615032,SRX8089300,SRR11517796,2312529,330689632,142,RNA-Seq,cDNA,TRANSCRIPTOMIC,SINGLE,ILLUMINA,SARS2,in vitro,GEO
PRJNA615032,SRX8089300,SRR11517797,2398023,343423262,143,RNA-Seq,cDNA,TRANSCRIPTOMIC,SINGLE,ILLUMINA,SARS2,in vitro,GEO
PRJNA615032,SRX8089300,SRR11517798,2256546,322414495,142,RNA-Seq,cDNA,TRANSCRIPTOMIC,SINGLE,ILLUMINA,SARS2,in vitro,GEO
PRJNA615032,SRX8089301,SRR11517799,3420779,434219317,126,RNA-Seq,cDNA,TRANSCRIPTOMIC,SINGLE,ILLUMINA,SARS2,in vitro,GEO
PRJNA615032,SRX8089301,SRR11517800,3384841,429556164,126,RNA-Seq,cDNA,TRANSCRIPTOMIC,SINGLE,ILLUMINA,SARS2,in vitro,GEO
PRJNA615032,SRX8089301,SRR11517801,3286773,414986310,126,RNA-Seq,cDNA,TRANSCRIPTOMIC,SINGLE,ILLUMINA,SARS2,in vitro,GEO
PRJNA615032,SRX8089301,SRR11517802,3385005,427830835,126,RNA-Seq,cDNA,TRANSCRIPTOMIC,SINGLE,ILLUMINA,SARS2,in vitro,GEO
PRJNA615032,SRX8089302,SRR11517803,5757543,730146288,126,RNA-Seq,cDNA,TRANSCRIPTOMIC,SINGLE,ILLUMINA,SARS2,in vitro,GEO
PRJNA615032,SRX8089302,SRR11517804,5677913,719746783,126,RNA-Seq,cDNA,TRANSCRIPTOMIC,SINGLE,ILLUMINA,SARS2,in vitro,GEO
PRJNA615032,SRX8089302,SRR11517805,5642970,713260458,126,RNA-Seq,cDNA,TRANSCRIPTOMIC,SINGLE,ILLUMINA,SARS2,in vitro,GEO
PRJNA615032,SRX8089302,SRR11517806,5798061,732927123,126,RNA-Seq,cDNA,TRANSCRIPTOMIC,SINGLE,ILLUMINA,SARS2,in vitro,GEO
PRJNA615032,SRX8089303,SRR11517807,4344226,626311014,144,RNA-Seq,cDNA,TRANSCRIPTOMIC,SINGLE,ILLUMINA,SARS2,in vitro,GEO
PRJNA615032,SRX8089303,SRR11517808,4494862,647954302,144,RNA-Seq,cDNA,TRANSCRIPTOMIC,SINGLE,ILLUMINA,SARS2,in vitro,GEO
PRJNA615032,SRX8089303,SRR11517809,4273406,616090748,144,RNA-Seq,cDNA,TRANSCRIPTOMIC,SINGLE,ILLUMINA,SARS2,in vitro,GEO
PRJNA615032,SRX8089303,SRR11517810,4400061,634229687,144,RNA-Seq,cDNA,TRANSCRIPTOMIC,SINGLE,ILLUMINA,SARS2,in vitro,GEO
PRJNA615032,SRX8089304,SRR11517811,4269026,609613564,142,RNA-Seq,cDNA,TRANSCRIPTOMIC,SINGLE,ILLUMINA,SARS2,in vitro,GEO
PRJNA615032,SRX8089304,SRR11517812,4412911,630244288,142,RNA-Seq,cDNA,TRANSCRIPTOMIC,SINGLE,ILLUMINA,SARS2,in vitro,GEO
PRJNA615032,SRX8089304,SRR11517813,4195036,599128724,142,RNA-Seq,cDNA,TRANSCRIPTOMIC,SINGLE,ILLUMINA,SARS2,in vitro,GEO
PRJNA615032,SRX8089304,SRR11517814,4334439,618843211,142,RNA-Seq,cDNA,TRANSCRIPTOMIC,SINGLE,ILLUMINA,SARS2,in vitro,GEO
PRJNA615032,SRX8089305,SRR11517815,3110702,451889978,145,RNA-Seq,cDNA,TRANSCRIPTOMIC,SINGLE,ILLUMINA,SARS2,in vitro,GEO
PRJNA615032,SRX8089305,SRR11517816,3221443,467924098,145,RNA-Seq,cDNA,TRANSCRIPTOMIC,SINGLE,ILLUMINA,SARS2,in vitro,GEO
PRJNA615032,SRX8089305,SRR11517817,3053936,443669489,145,RNA-Seq,cDNA,TRANSCRIPTOMIC,SINGLE,ILLUMINA,SARS2,in vitro,GEO
PRJNA615032,SRX8089305,SRR11517818,3162896,459284112,145,RNA-Seq,cDNA,TRANSCRIPTOMIC,SINGLE,ILLUMINA,SARS2,in vitro,GEO
PRJNA615032,SRX8089306,SRR11517819,2878578,420355380,146,RNA-Seq,cDNA,TRANSCRIPTOMIC,SINGLE,ILLUMINA,SARS2,in vitro,GEO
PRJNA615032,SRX8089306,SRR11517820,3001458,438225112,146,RNA-Seq,cDNA,TRANSCRIPTOMIC,SINGLE,ILLUMINA,SARS2,in vitro,GEO
PRJNA615032,SRX8089306,SRR11517821,2823000,412230463,146,RNA-Seq,cDNA,TRANSCRIPTOMIC,SINGLE,ILLUMINA,SARS2,in vitro,GEO
PRJNA615032,SRX8089306,SRR11517822,2941916,429385983,145,RNA-Seq,cDNA,TRANSCRIPTOMIC,SINGLE,ILLUMINA,SARS2,in vitro,GEO
PRJNA615032,SRX8089307,SRR11517823,2935140,432402274,147,RNA-Seq,cDNA,TRANSCRIPTOMIC,SINGLE,ILLUMINA,SARS2,in vitro,GEO
PRJNA615032,SRX8089307,SRR11517824,3061206,450914051,147,RNA-Seq,cDNA,TRANSCRIPTOMIC,SINGLE,ILLUMINA,SARS2,in vitro,GEO
PRJNA615032,SRX8089307,SRR11517825,2888262,425534687,147,RNA-Seq,cDNA,TRANSCRIPTOMIC,SINGLE,ILLUMINA,SARS2,in vitro,GEO
PRJNA615032,SRX8089307,SRR11517826,2994352,441016799,147,RNA-Seq,cDNA,TRANSCRIPTOMIC,SINGLE,ILLUMINA,SARS2,in vitro,GEO
PRJNA615032,SRX8089308,SRR11517827,2827111,414912678,146,RNA-Seq,cDNA,TRANSCRIPTOMIC,SINGLE,ILLUMINA,SARS2,in vitro,GEO
PRJNA615032,SRX8089308,SRR11517828,2942566,431753216,146,RNA-Seq,cDNA,TRANSCRIPTOMIC,SINGLE,ILLUMINA,SARS2,in vitro,GEO
PRJNA615032,SRX8089308,SRR11517829,2787519,409112003,146,RNA-Seq,cDNA,TRANSCRIPTOMIC,SINGLE,ILLUMINA,SARS2,in vitro,GEO
PRJNA615032,SRX8089308,SRR11517830,2882187,422819315,146,RNA-Seq,cDNA,TRANSCRIPTOMIC,SINGLE,ILLUMINA,SARS2,in vitro,GEO
PRJNA615032,SRX8089309,SRR11517831,923035,133160511,144,RNA-Seq,cDNA,TRANSCRIPTOMIC,SINGLE,ILLUMINA,SARS2,in vivo,GEO
PRJNA615032,SRX8089309,SRR11517832,926837,133734974,144,RNA-Seq,cDNA,TRANSCRIPTOMIC,SINGLE,ILLUMINA,SARS2,in vivo,GEO
PRJNA615032,SRX8089309,SRR11517833,865984,125077641,144,RNA-Seq,cDNA,TRANSCRIPTOMIC,SINGLE,ILLUMINA,SARS2,in vivo,GEO
PRJNA615032,SRX8089309,SRR11517834,874343,126309184,144,RNA-Seq,cDNA,TRANSCRIPTOMIC,SINGLE,ILLUMINA,SARS2,in vivo,GEO
PRJNA615032,SRX8089310,SRR11517835,576318,80548366,139,RNA-Seq,cDNA,TRANSCRIPTOMIC,SINGLE,ILLUMINA,SARS2,in vivo,GEO
PRJNA615032,SRX8089310,SRR11517836,579285,80957909,139,RNA-Seq,cDNA,TRANSCRIPTOMIC,SINGLE,ILLUMINA,SARS2,in vivo,GEO
PRJNA615032,SRX8089310,SRR11517837,553560,77486637,139,RNA-Seq,cDNA,TRANSCRIPTOMIC,SINGLE,ILLUMINA,SARS2,in vivo,GEO
PRJNA615032,SRX8089310,SRR11517838,559063,78293848,140,RNA-Seq,cDNA,TRANSCRIPTOMIC,SINGLE,ILLUMINA,SARS2,in vivo,GEO
PRJNA615032,SRX8089311,SRR11517839,1470397,208359076,141,RNA-Seq,cDNA,TRANSCRIPTOMIC,SINGLE,ILLUMINA,SARS2,in vivo,GEO
PRJNA615032,SRX8089311,SRR11517840,1475224,209064258,141,RNA-Seq,cDNA,TRANSCRIPTOMIC,SINGLE,ILLUMINA,SARS2,in vivo,GEO
PRJNA615032,SRX8089311,SRR11517841,1426157,202585106,142,RNA-Seq,cDNA,TRANSCRIPTOMIC,SINGLE,ILLUMINA,SARS2,in vivo,GEO
PRJNA615032,SRX8089311,SRR11517842,1430382,203288579,142,RNA-Seq,cDNA,TRANSCRIPTOMIC,SINGLE,ILLUMINA,SARS2,in vivo,GEO
PRJNA615032,SRX8089312,SRR11517843,5015248,709646086,141,RNA-Seq,cDNA,TRANSCRIPTOMIC,SINGLE,ILLUMINA,SARS2,in vivo,GEO
PRJNA615032,SRX8089312,SRR11517844,5041036,713455319,141,RNA-Seq,cDNA,TRANSCRIPTOMIC,SINGLE,ILLUMINA,SARS2,in vivo,GEO
PRJNA615032,SRX8089312,SRR11517845,4776938,676983926,141,RNA-Seq,cDNA,TRANSCRIPTOMIC,SINGLE,ILLUMINA,SARS2,in vivo,GEO
PRJNA615032,SRX8089312,SRR11517846,4809518,681797077,141,RNA-Seq,cDNA,TRANSCRIPTOMIC,SINGLE,ILLUMINA,SARS2,in vivo,GEO
PRJNA615032,SRX8089313,SRR11517847,2385865,328413985,137,RNA-Seq,cDNA,TRANSCRIPTOMIC,SINGLE,ILLUMINA,SARS2,in vivo,GEO
PRJNA615032,SRX8089313,SRR11517848,2398491,330225694,137,RNA-Seq,cDNA,TRANSCRIPTOMIC,SINGLE,ILLUMINA,SARS2,in vivo,GEO
PRJNA615032,SRX8089313,SRR11517849,2265517,312650477,138,RNA-Seq,cDNA,TRANSCRIPTOMIC,SINGLE,ILLUMINA,SARS2,in vivo,GEO
PRJNA615032,SRX8089313,SRR11517850,2303063,318102417,138,RNA-Seq,cDNA,TRANSCRIPTOMIC,SINGLE,ILLUMINA,SARS2,in vivo,GEO
PRJNA615032,SRX8089314,SRR11517851,2207920,313897779,142,RNA-Seq,cDNA,TRANSCRIPTOMIC,SINGLE,ILLUMINA,SARS2,in vivo,GEO
PRJNA615032,SRX8089314,SRR11517852,2221566,315922333,142,RNA-Seq,cDNA,TRANSCRIPTOMIC,SINGLE,ILLUMINA,SARS2,in vivo,GEO
PRJNA615032,SRX8089314,SRR11517853,2096705,298502549,142,RNA-Seq,cDNA,TRANSCRIPTOMIC,SINGLE,ILLUMINA,SARS2,in vivo,GEO
PRJNA615032,SRX8089314,SRR11517854,2118798,301740044,142,RNA-Seq,cDNA,TRANSCRIPTOMIC,SINGLE,ILLUMINA,SARS2,in vivo,GEO
PRJNA615032,SRX8089315,SRR11517855,1220518,172514227,141,RNA-Seq,cDNA,TRANSCRIPTOMIC,SINGLE,ILLUMINA,SARS2,in vivo,GEO
PRJNA615032,SRX8089315,SRR11517856,1226906,173464928,141,RNA-Seq,cDNA,TRANSCRIPTOMIC,SINGLE,ILLUMINA,SARS2,in vivo,GEO
PRJNA615032,SRX8089315,SRR11517857,1183512,167566397,141,RNA-Seq,cDNA,TRANSCRIPTOMIC,SINGLE,ILLUMINA,SARS2,in vivo,GEO
PRJNA615032,SRX8089315,SRR11517858,1192325,168888834,141,RNA-Seq,cDNA,TRANSCRIPTOMIC,SINGLE,ILLUMINA,SARS2,in vivo,GEO
PRJNA615032,SRX8089316,SRR11517859,756519,106717550,141,RNA-Seq,cDNA,TRANSCRIPTOMIC,SINGLE,ILLUMINA,SARS2,in vivo,GEO
PRJNA615032,SRX8089316,SRR11517860,760089,107255302,141,RNA-Seq,cDNA,TRANSCRIPTOMIC,SINGLE,ILLUMINA,SARS2,in vivo,GEO
PRJNA615032,SRX8089316,SRR11517861,720538,101798939,141,RNA-Seq,cDNA,TRANSCRIPTOMIC,SINGLE,ILLUMINA,SARS2,in vivo,GEO
PRJNA615032,SRX8089316,SRR11517862,727758,102871259,141,RNA-Seq,cDNA,TRANSCRIPTOMIC,SINGLE,ILLUMINA,SARS2,in vivo,GEO
PRJNA615032,SRX8089317,SRR11517863,2967645,382836047,129,RNA-Seq,cDNA,TRANSCRIPTOMIC,SINGLE,ILLUMINA,SARS2,in vivo,GEO
PRJNA615032,SRX8089317,SRR11517864,3013466,388814110,129,RNA-Seq,cDNA,TRANSCRIPTOMIC,SINGLE,ILLUMINA,SARS2,in vivo,GEO
PRJNA615032,SRX8089317,SRR11517865,2918160,376745501,129,RNA-Seq,cDNA,TRANSCRIPTOMIC,SINGLE,ILLUMINA,SARS2,in vivo,GEO
PRJNA615032,SRX8089317,SRR11517866,2933954,378540347,129,RNA-Seq,cDNA,TRANSCRIPTOMIC,SINGLE,ILLUMINA,SARS2,in vivo,GEO
PRJNA615032,SRX8089318,SRR11517867,1202110,154593337,128,RNA-Seq,cDNA,TRANSCRIPTOMIC,SINGLE,ILLUMINA,SARS2,in vivo,GEO
PRJNA615032,SRX8089318,SRR11517868,1221707,157056241,128,RNA-Seq,cDNA,TRANSCRIPTOMIC,SINGLE,ILLUMINA,SARS2,in vivo,GEO
PRJNA615032,SRX8089318,SRR11517869,1179134,151729209,128,RNA-Seq,cDNA,TRANSCRIPTOMIC,SINGLE,ILLUMINA,SARS2,in vivo,GEO
PRJNA615032,SRX8089318,SRR11517870,1187318,152754200,128,RNA-Seq,cDNA,TRANSCRIPTOMIC,SINGLE,ILLUMINA,SARS2,in vivo,GEO
PRJNA615032,SRX8089319,SRR11517871,799660,104101169,130,RNA-Seq,cDNA,TRANSCRIPTOMIC,SINGLE,ILLUMINA,SARS2,in vivo,GEO
PRJNA615032,SRX8089319,SRR11517872,812511,105727109,130,RNA-Seq,cDNA,TRANSCRIPTOMIC,SINGLE,ILLUMINA,SARS2,in vivo,GEO
PRJNA615032,SRX8089319,SRR11517873,786823,102434480,130,RNA-Seq,cDNA,TRANSCRIPTOMIC,SINGLE,ILLUMINA,SARS2,in vivo,GEO
PRJNA615032,SRX8089319,SRR11517874,793185,103291233,130,RNA-Seq,cDNA,TRANSCRIPTOMIC,SINGLE,ILLUMINA,SARS2,in vivo,GEO
PRJNA615032,SRX8089320,SRR11517875,2337221,298333505,127,RNA-Seq,cDNA,TRANSCRIPTOMIC,SINGLE,ILLUMINA,SARS2,in vivo,GEO
PRJNA615032,SRX8089320,SRR11517876,2384972,304403220,127,RNA-Seq,cDNA,TRANSCRIPTOMIC,SINGLE,ILLUMINA,SARS2,in vivo,GEO
PRJNA615032,SRX8089320,SRR11517877,2304144,294274671,127,RNA-Seq,cDNA,TRANSCRIPTOMIC,SINGLE,ILLUMINA,SARS2,in vivo,GEO
PRJNA615032,SRX8089320,SRR11517878,2325452,296926613,127,RNA-Seq,cDNA,TRANSCRIPTOMIC,SINGLE,ILLUMINA,SARS2,in vivo,GEO
PRJNA615032,SRX8089321,SRR11517879,9623983,1389341156,144,RNA-Seq,cDNA,TRANSCRIPTOMIC,SINGLE,ILLUMINA,SARS2,in vivo,GEO
PRJNA615032,SRX8089321,SRR11517880,9725770,1404260575,144,RNA-Seq,cDNA,TRANSCRIPTOMIC,SINGLE,ILLUMINA,SARS2,in vivo,GEO
PRJNA615032,SRX8089321,SRR11517881,9340976,1350188938,144,RNA-Seq,cDNA,TRANSCRIPTOMIC,SINGLE,ILLUMINA,SARS2,in vivo,GEO
PRJNA615032,SRX8089321,SRR11517882,9523032,1376181588,144,RNA-Seq,cDNA,TRANSCRIPTOMIC,SINGLE,ILLUMINA,SARS2,in vivo,GEO
PRJNA615032,SRX8089322,SRR11517883,7482167,1048822706,140,RNA-Seq,cDNA,TRANSCRIPTOMIC,SINGLE,ILLUMINA,SARS2,in vivo,GEO
PRJNA615032,SRX8089322,SRR11517884,7631785,1070158214,140,RNA-Seq,cDNA,TRANSCRIPTOMIC,SINGLE,ILLUMINA,SARS2,in vivo,GEO
PRJNA615032,SRX8089322,SRR11517885,7208412,1012424986,140,RNA-Seq,cDNA,TRANSCRIPTOMIC,SINGLE,ILLUMINA,SARS2,in vivo,GEO
PRJNA615032,SRX8089322,SRR11517886,7412524,1041044514,140,RNA-Seq,cDNA,TRANSCRIPTOMIC,SINGLE,ILLUMINA,SARS2,in vivo,GEO
PRJNA615032,SRX8089323,SRR11517683,7219580,857022378,118,RNA-Seq,cDNA,TRANSCRIPTOMIC,SINGLE,ILLUMINA,SARS2,in vivo,GEO
PRJNA615032,SRX8089323,SRR11517684,7216438,855265374,118,RNA-Seq,cDNA,TRANSCRIPTOMIC,SINGLE,ILLUMINA,SARS2,in vivo,GEO
PRJNA615032,SRX8089323,SRR11517685,7346056,864927421,117,RNA-Seq,cDNA,TRANSCRIPTOMIC,SINGLE,ILLUMINA,SARS2,in vivo,GEO
PRJNA615032,SRX8089323,SRR11517686,7282198,854810951,117,RNA-Seq,cDNA,TRANSCRIPTOMIC,SINGLE,ILLUMINA,SARS2,in vivo,GEO
PRJNA615032,SRX8089324,SRR11517687,17380299,2412729742,138,RNA-Seq,cDNA,TRANSCRIPTOMIC,SINGLE,ILLUMINA,SARS2,in vivo,GEO
PRJNA615032,SRX8089324,SRR11517688,17468314,2424782701,138,RNA-Seq,cDNA,TRANSCRIPTOMIC,SINGLE,ILLUMINA,SARS2,in vivo,GEO
PRJNA615032,SRX8089324,SRR11517689,17824729,2471764248,138,RNA-Seq,cDNA,TRANSCRIPTOMIC,SINGLE,ILLUMINA,SARS2,in vivo,GEO
PRJNA615032,SRX8089324,SRR11517690,17585294,2438077424,138,RNA-Seq,cDNA,TRANSCRIPTOMIC,SINGLE,ILLUMINA,SARS2,in vivo,GEO
PRJNA615032,SRX8089325,SRR11517691,18967528,2633057814,138,RNA-Seq,cDNA,TRANSCRIPTOMIC,SINGLE,ILLUMINA,SARS2,in vivo,GEO
PRJNA615032,SRX8089325,SRR11517692,18999814,2637190506,138,RNA-Seq,cDNA,TRANSCRIPTOMIC,SINGLE,ILLUMINA,SARS2,in vivo,GEO
PRJNA615032,SRX8089325,SRR11517693,19474551,2700740898,138,RNA-Seq,cDNA,TRANSCRIPTOMIC,SINGLE,ILLUMINA,SARS2,in vivo,GEO
PRJNA615032,SRX8089325,SRR11517694,19239380,2667721497,138,RNA-Seq,cDNA,TRANSCRIPTOMIC,SINGLE,ILLUMINA,SARS2,in vivo,GEO
PRJNA615032,SRX8089326,SRR11517695,5773197,805242241,139,RNA-Seq,cDNA,TRANSCRIPTOMIC,SINGLE,ILLUMINA,SARS2,in vivo,GEO
PRJNA615032,SRX8089326,SRR11517696,5761880,803511226,139,RNA-Seq,cDNA,TRANSCRIPTOMIC,SINGLE,ILLUMINA,SARS2,in vivo,GEO
PRJNA615032,SRX8089326,SRR11517697,5917202,824258140,139,RNA-Seq,cDNA,TRANSCRIPTOMIC,SINGLE,ILLUMINA,SARS2,in vivo,GEO
PRJNA615032,SRX8089326,SRR11517698,5848200,814500425,139,RNA-Seq,cDNA,TRANSCRIPTOMIC,SINGLE,ILLUMINA,SARS2,in vivo,GEO
PRJNA615032,SRX8089327,SRR11517699,328105259,44101477910,134,RNA-Seq,cDNA,TRANSCRIPTOMIC,SINGLE,ILLUMINA,SARS2,in vivo,GEO
PRJNA615032,SRX8089328,SRR11517700,5210254,682069708,130,RNA-Seq,cDNA,TRANSCRIPTOMIC,SINGLE,ILLUMINA,SARS2,in vivo,GEO
PRJNA615032,SRX8089329,SRR11517701,4746327,636648031,134,RNA-Seq,cDNA,TRANSCRIPTOMIC,SINGLE,ILLUMINA,SARS2,in vivo,GEO
PRJNA615032,SRX8089330,SRR11517702,5163699,705717418,136,RNA-Seq,cDNA,TRANSCRIPTOMIC,SINGLE,ILLUMINA,SARS2,in vivo,GEO
PRJNA615032,SRX8089331,SRR11517703,2276936,291711763,128,RNA-Seq,cDNA,TRANSCRIPTOMIC,SINGLE,ILLUMINA,SARS2,in vivo,GEO
PRJNA615032,SRX8089331,SRR11517704,2238943,286914342,128,RNA-Seq,cDNA,TRANSCRIPTOMIC,SINGLE,ILLUMINA,SARS2,in vivo,GEO
PRJNA615032,SRX8089331,SRR11517705,2351190,301501548,128,RNA-Seq,cDNA,TRANSCRIPTOMIC,SINGLE,ILLUMINA,SARS2,in vivo,GEO
PRJNA615032,SRX8089331,SRR11517706,2302790,295213232,128,RNA-Seq,cDNA,TRANSCRIPTOMIC,SINGLE,ILLUMINA,SARS2,in vivo,GEO
PRJNA615032,SRX8089332,SRR11517707,3510128,437871396,124,RNA-Seq,cDNA,TRANSCRIPTOMIC,SINGLE,ILLUMINA,SARS2,in vivo,GEO
PRJNA615032,SRX8089332,SRR11517708,3483723,434823001,124,RNA-Seq,cDNA,TRANSCRIPTOMIC,SINGLE,ILLUMINA,SARS2,in vivo,GEO
PRJNA615032,SRX8089332,SRR11517709,3592194,447961440,124,RNA-Seq,cDNA,TRANSCRIPTOMIC,SINGLE,ILLUMINA,SARS2,in vivo,GEO
PRJNA615032,SRX8089332,SRR11517710,3538502,441264394,124,RNA-Seq,cDNA,TRANSCRIPTOMIC,SINGLE,ILLUMINA,SARS2,in vivo,GEO
PRJNA615032,SRX8089333,SRR11517711,3209309,413447926,128,RNA-Seq,cDNA,TRANSCRIPTOMIC,SINGLE,ILLUMINA,SARS2,in vivo,GEO
PRJNA615032,SRX8089333,SRR11517712,3178247,409545521,128,RNA-Seq,cDNA,TRANSCRIPTOMIC,SINGLE,ILLUMINA,SARS2,in vivo,GEO
PRJNA615032,SRX8089333,SRR11517713,3302217,425398820,128,RNA-Seq,cDNA,TRANSCRIPTOMIC,SINGLE,ILLUMINA,SARS2,in vivo,GEO
PRJNA615032,SRX8089333,SRR11517714,3243552,417811511,128,RNA-Seq,cDNA,TRANSCRIPTOMIC,SINGLE,ILLUMINA,SARS2,in vivo,GEO
PRJNA615032,SRX8089334,SRR11517715,3638206,470173875,129,RNA-Seq,cDNA,TRANSCRIPTOMIC,SINGLE,ILLUMINA,SARS2,in vivo,GEO
PRJNA615032,SRX8089334,SRR11517716,3607700,466303295,129,RNA-Seq,cDNA,TRANSCRIPTOMIC,SINGLE,ILLUMINA,SARS2,in vivo,GEO
PRJNA615032,SRX8089334,SRR11517717,3728570,481655013,129,RNA-Seq,cDNA,TRANSCRIPTOMIC,SINGLE,ILLUMINA,SARS2,in vivo,GEO
PRJNA615032,SRX8089334,SRR11517718,3669871,474185665,129,RNA-Seq,cDNA,TRANSCRIPTOMIC,SINGLE,ILLUMINA,SARS2,in vivo,GEO
PRJNA615032,SRX8089335,SRR11517719,5010964,659644485,131,RNA-Seq,cDNA,TRANSCRIPTOMIC,SINGLE,ILLUMINA,SARS2,in vivo,GEO
PRJNA615032,SRX8089336,SRR11517720,5571005,747069734,134,RNA-Seq,cDNA,TRANSCRIPTOMIC,SINGLE,ILLUMINA,SARS2,in vivo,GEO
PRJNA615032,SRX8089337,SRR11517721,5082978,686144191,134,RNA-Seq,cDNA,TRANSCRIPTOMIC,SINGLE,ILLUMINA,SARS2,in vivo,GEO
PRJNA615032,SRX8089338,SRR11517722,4228767,568414859,134,RNA-Seq,cDNA,TRANSCRIPTOMIC,SINGLE,ILLUMINA,SARS2,in vivo,GEO
PRJNA615032,SRX8089339,SRR11517723,4877612,646684394,132,RNA-Seq,cDNA,TRANSCRIPTOMIC,SINGLE,ILLUMINA,SARS2,in vivo,GEO
PRJNA615032,SRX8089340,SRR11517724,3649385,477435065,130,RNA-Seq,cDNA,TRANSCRIPTOMIC,SINGLE,ILLUMINA,SARS2,in vivo,GEO
PRJNA615032,SRX8089341,SRR11517725,14284134,1894449837,132,RNA-Seq,cDNA,TRANSCRIPTOMIC,SINGLE,ILLUMINA,SARS2,in vitro,GEO
PRJNA615032,SRX8089341,SRR11517726,14061797,1865934845,132,RNA-Seq,cDNA,TRANSCRIPTOMIC,SINGLE,ILLUMINA,SARS2,in vitro,GEO
PRJNA615032,SRX8089341,SRR11517727,14800209,1961761064,132,RNA-Seq,cDNA,TRANSCRIPTOMIC,SINGLE,ILLUMINA,SARS2,in vitro,GEO
PRJNA615032,SRX8089341,SRR11517728,14514552,1923673794,132,RNA-Seq,cDNA,TRANSCRIPTOMIC,SINGLE,ILLUMINA,SARS2,in vitro,GEO
PRJNA615032,SRX8089342,SRR11517729,10074698,1350938841,134,RNA-Seq,cDNA,TRANSCRIPTOMIC,SINGLE,ILLUMINA,SARS2,in vitro,GEO
PRJNA615032,SRX8089342,SRR11517730,9947965,1334336215,134,RNA-Seq,cDNA,TRANSCRIPTOMIC,SINGLE,ILLUMINA,SARS2,in vitro,GEO
PRJNA615032,SRX8089342,SRR11517731,10346990,1386477352,133,RNA-Seq,cDNA,TRANSCRIPTOMIC,SINGLE,ILLUMINA,SARS2,in vitro,GEO
PRJNA615032,SRX8089342,SRR11517732,10155183,1360568470,133,RNA-Seq,cDNA,TRANSCRIPTOMIC,SINGLE,ILLUMINA,SARS2,in vitro,GEO
PRJNA615032,SRX8089343,SRR11517733,2655157,398833750,150,RNA-Seq,cDNA,TRANSCRIPTOMIC,SINGLE,ILLUMINA,SARS2,in vitro,GEO
PRJNA615032,SRX8089343,SRR11517734,2587356,388618586,150,RNA-Seq,cDNA,TRANSCRIPTOMIC,SINGLE,ILLUMINA,SARS2,in vitro,GEO
PRJNA615032,SRX8089343,SRR11517735,2676379,401920814,150,RNA-Seq,cDNA,TRANSCRIPTOMIC,SINGLE,ILLUMINA,SARS2,in vitro,GEO
PRJNA615032,SRX8089343,SRR11517736,2642584,396876339,150,RNA-Seq,cDNA,TRANSCRIPTOMIC,SINGLE,ILLUMINA,SARS2,in vitro,GEO
PRJNA615032,SRX8089344,SRR11517737,2371365,334566116,141,RNA-Seq,cDNA,TRANSCRIPTOMIC,SINGLE,ILLUMINA,SARS2,in vitro,GEO
PRJNA615032,SRX8089344,SRR11517738,2332708,329149173,141,RNA-Seq,cDNA,TRANSCRIPTOMIC,SINGLE,ILLUMINA,SARS2,in vitro,GEO
PRJNA615032,SRX8089344,SRR11517739,2416313,340582200,140,RNA-Seq,cDNA,TRANSCRIPTOMIC,SINGLE,ILLUMINA,SARS2,in vitro,GEO
PRJNA615032,SRX8089344,SRR11517740,2393833,337556620,141,RNA-Seq,cDNA,TRANSCRIPTOMIC,SINGLE,ILLUMINA,SARS2,in vitro,GEO
PRJNA615032,SRX8142119,SRR11573892,992599,116279492,117,RNA-Seq,cDNA,TRANSCRIPTOMIC,SINGLE,ILLUMINA,SARS2,in vitro,GEO
PRJNA615032,SRX8142119,SRR11573893,985596,115279576,116,RNA-Seq,cDNA,TRANSCRIPTOMIC,SINGLE,ILLUMINA,SARS2,in vitro,GEO
PRJNA615032,SRX8142119,SRR11573894,1018147,118062767,115,RNA-Seq,cDNA,TRANSCRIPTOMIC,SINGLE,ILLUMINA,SARS2,in vitro,GEO
PRJNA615032,SRX8142119,SRR11573895,1008871,116824728,115,RNA-Seq,cDNA,TRANSCRIPTOMIC,SINGLE,ILLUMINA,SARS2,in vitro,GEO
PRJNA615032,SRX8142120,SRR11573896,4887332,599544101,122,RNA-Seq,cDNA,TRANSCRIPTOMIC,SINGLE,ILLUMINA,SARS2,in vitro,GEO
PRJNA615032,SRX8142120,SRR11573897,4829465,591686705,122,RNA-Seq,cDNA,TRANSCRIPTOMIC,SINGLE,ILLUMINA,SARS2,in vitro,GEO
PRJNA615032,SRX8142120,SRR11573898,5049266,614544106,121,RNA-Seq,cDNA,TRANSCRIPTOMIC,SINGLE,ILLUMINA,SARS2,in vitro,GEO
PRJNA615032,SRX8142120,SRR11573899,4986907,606563092,121,RNA-Seq,cDNA,TRANSCRIPTOMIC,SINGLE,ILLUMINA,SARS2,in vitro,GEO
PRJNA615032,SRX8142121,SRR11573900,3630721,444797002,122,RNA-Seq,cDNA,TRANSCRIPTOMIC,SINGLE,ILLUMINA,SARS2,in vitro,GEO
PRJNA615032,SRX8142121,SRR11573901,3611716,441868236,122,RNA-Seq,cDNA,TRANSCRIPTOMIC,SINGLE,ILLUMINA,SARS2,in vitro,GEO
PRJNA615032,SRX8142121,SRR11573902,3755440,456317936,121,RNA-Seq,cDNA,TRANSCRIPTOMIC,SINGLE,ILLUMINA,SARS2,in vitro,GEO
PRJNA615032,SRX8142121,SRR11573903,3721244,451797866,121,RNA-Seq,cDNA,TRANSCRIPTOMIC,SINGLE,ILLUMINA,SARS2,in vitro,GEO
PRJNA615032,SRX8142122,SRR11573904,4679547,602021257,128,RNA-Seq,cDNA,TRANSCRIPTOMIC,SINGLE,ILLUMINA,SARS2,in vitro,GEO
PRJNA615032,SRX8142122,SRR11573905,4652678,598233210,128,RNA-Seq,cDNA,TRANSCRIPTOMIC,SINGLE,ILLUMINA,SARS2,in vitro,GEO
PRJNA615032,SRX8142122,SRR11573906,4823983,617890322,128,RNA-Seq,cDNA,TRANSCRIPTOMIC,SINGLE,ILLUMINA,SARS2,in vitro,GEO
PRJNA615032,SRX8142122,SRR11573907,4768331,610612620,128,RNA-Seq,cDNA,TRANSCRIPTOMIC,SINGLE,ILLUMINA,SARS2,in vitro,GEO
PRJNA615032,SRX8142123,SRR11573908,5297735,656231567,123,RNA-Seq,cDNA,TRANSCRIPTOMIC,SINGLE,ILLUMINA,SARS2,in vitro,GEO
PRJNA615032,SRX8142123,SRR11573909,5251501,649927708,123,RNA-Seq,cDNA,TRANSCRIPTOMIC,SINGLE,ILLUMINA,SARS2,in vitro,GEO
PRJNA615032,SRX8142123,SRR11573910,5459184,672050365,123,RNA-Seq,cDNA,TRANSCRIPTOMIC,SINGLE,ILLUMINA,SARS2,in vitro,GEO
PRJNA615032,SRX8142123,SRR11573911,5393013,663532606,123,RNA-Seq,cDNA,TRANSCRIPTOMIC,SINGLE,ILLUMINA,SARS2,in vitro,GEO
PRJNA615032,SRX8142124,SRR11573912,5097685,620418218,121,RNA-Seq,cDNA,TRANSCRIPTOMIC,SINGLE,ILLUMINA,SARS2,in vitro,GEO
PRJNA615032,SRX8142124,SRR11573913,5063967,615912676,121,RNA-Seq,cDNA,TRANSCRIPTOMIC,SINGLE,ILLUMINA,SARS2,in vitro,GEO
PRJNA615032,SRX8142124,SRR11573914,5239456,633325707,120,RNA-Seq,cDNA,TRANSCRIPTOMIC,SINGLE,ILLUMINA,SARS2,in vitro,GEO
PRJNA615032,SRX8142124,SRR11573915,5178447,625519447,120,RNA-Seq,cDNA,TRANSCRIPTOMIC,SINGLE,ILLUMINA,SARS2,in vitro,GEO
PRJNA615032,SRX8142125,SRR11573916,7353106,968329199,131,RNA-Seq,cDNA,TRANSCRIPTOMIC,SINGLE,ILLUMINA,SARS2,in vitro,GEO
PRJNA615032,SRX8142125,SRR11573917,7316752,963129857,131,RNA-Seq,cDNA,TRANSCRIPTOMIC,SINGLE,ILLUMINA,SARS2,in vitro,GEO
PRJNA615032,SRX8142125,SRR11573918,7620604,1000143154,131,RNA-Seq,cDNA,TRANSCRIPTOMIC,SINGLE,ILLUMINA,SARS2,in vitro,GEO
PRJNA615032,SRX8142125,SRR11573919,7520190,986671112,131,RNA-Seq,cDNA,TRANSCRIPTOMIC,SINGLE,ILLUMINA,SARS2,in vitro,GEO
PRJNA615032,SRX8142126,SRR11573920,6813787,902592736,132,RNA-Seq,cDNA,TRANSCRIPTOMIC,SINGLE,ILLUMINA,SARS2,in vitro,GEO
PRJNA615032,SRX8142126,SRR11573921,6745494,893008742,132,RNA-Seq,cDNA,TRANSCRIPTOMIC,SINGLE,ILLUMINA,SARS2,in vitro,GEO
PRJNA615032,SRX8142126,SRR11573922,7061234,931823260,131,RNA-Seq,cDNA,TRANSCRIPTOMIC,SINGLE,ILLUMINA,SARS2,in vitro,GEO
PRJNA615032,SRX8142126,SRR11573923,6974360,920256319,131,RNA-Seq,cDNA,TRANSCRIPTOMIC,SINGLE,ILLUMINA,SARS2,in vitro,GEO
PRJNA615032,SRX8142127,SRR11573924,5337164,709125966,132,RNA-Seq,cDNA,TRANSCRIPTOMIC,SINGLE,ILLUMINA,SARS2,in vitro,GEO
PRJNA615032,SRX8142127,SRR11573925,5306076,704709575,132,RNA-Seq,cDNA,TRANSCRIPTOMIC,SINGLE,ILLUMINA,SARS2,in vitro,GEO
PRJNA615032,SRX8142127,SRR11573926,5525939,731837948,132,RNA-Seq,cDNA,TRANSCRIPTOMIC,SINGLE,ILLUMINA,SARS2,in vitro,GEO
PRJNA615032,SRX8142127,SRR11573927,5472182,724591748,132,RNA-Seq,cDNA,TRANSCRIPTOMIC,SINGLE,ILLUMINA,SARS2,in vitro,GEO
PRJNA615032,SRX7990866,SRR11412215,4260400,558210660,131,RNA-Seq,cDNA,TRANSCRIPTOMIC,SINGLE,ILLUMINA,SARS2,in vitro,GEO
PRJNA615032,SRX7990866,SRR11412216,4175640,547162776,131,RNA-Seq,cDNA,TRANSCRIPTOMIC,SINGLE,ILLUMINA,SARS2,in vitro,GEO
PRJNA615032,SRX7990866,SRR11412217,4322242,566041144,130,RNA-Seq,cDNA,TRANSCRIPTOMIC,SINGLE,ILLUMINA,SARS2,in vitro,GEO
PRJNA615032,SRX7990866,SRR11412218,4245291,555639544,130,RNA-Seq,cDNA,TRANSCRIPTOMIC,SINGLE,ILLUMINA,SARS2,in vitro,GEO
PRJNA615032,SRX7990867,SRR11412219,4106965,524883325,127,RNA-Seq,cDNA,TRANSCRIPTOMIC,SINGLE,ILLUMINA,SARS2,in vitro,GEO
PRJNA615032,SRX7990867,SRR11412220,4027775,514317390,127,RNA-Seq,cDNA,TRANSCRIPTOMIC,SINGLE,ILLUMINA,SARS2,in vitro,GEO
PRJNA615032,SRX7990867,SRR11412221,4144278,529851552,127,RNA-Seq,cDNA,TRANSCRIPTOMIC,SINGLE,ILLUMINA,SARS2,in vitro,GEO
PRJNA615032,SRX7990867,SRR11412222,4032103,514225167,127,RNA-Seq,cDNA,TRANSCRIPTOMIC,SINGLE,ILLUMINA,SARS2,in vitro,GEO
PRJNA615032,SRX7990868,SRR11412223,6111163,734468035,120,RNA-Seq,cDNA,TRANSCRIPTOMIC,SINGLE,ILLUMINA,SARS2,in vitro,GEO
PRJNA615032,SRX7990868,SRR11412224,6020043,723823606,120,RNA-Seq,cDNA,TRANSCRIPTOMIC,SINGLE,ILLUMINA,SARS2,in vitro,GEO
PRJNA615032,SRX7990868,SRR11412225,6122892,735676286,120,RNA-Seq,cDNA,TRANSCRIPTOMIC,SINGLE,ILLUMINA,SARS2,in vitro,GEO
PRJNA615032,SRX7990868,SRR11412226,6032851,724420893,120,RNA-Seq,cDNA,TRANSCRIPTOMIC,SINGLE,ILLUMINA,SARS2,in vitro,GEO
PRJNA615032,SRX7990869,SRR11412227,3774499,509632928,135,RNA-Seq,cDNA,TRANSCRIPTOMIC,SINGLE,ILLUMINA,SARS2,in vitro,GEO
PRJNA615032,SRX7990869,SRR11412228,3718540,502224611,135,RNA-Seq,cDNA,TRANSCRIPTOMIC,SINGLE,ILLUMINA,SARS2,in vitro,GEO
PRJNA615032,SRX7990869,SRR11412229,3803175,513508009,135,RNA-Seq,cDNA,TRANSCRIPTOMIC,SINGLE,ILLUMINA,SARS2,in vitro,GEO
PRJNA615032,SRX7990869,SRR11412230,3735882,504138200,134,RNA-Seq,cDNA,TRANSCRIPTOMIC,SINGLE,ILLUMINA,SARS2,in vitro,GEO
PRJNA615032,SRX7990870,SRR11412231,3799735,507421277,133,RNA-Seq,cDNA,TRANSCRIPTOMIC,SINGLE,ILLUMINA,SARS2,in vitro,GEO
PRJNA615032,SRX7990870,SRR11412232,3745371,500276002,133,RNA-Seq,cDNA,TRANSCRIPTOMIC,SINGLE,ILLUMINA,SARS2,in vitro,GEO
PRJNA615032,SRX7990870,SRR11412233,3814880,509322641,133,RNA-Seq,cDNA,TRANSCRIPTOMIC,SINGLE,ILLUMINA,SARS2,in vitro,GEO
PRJNA615032,SRX7990870,SRR11412234,3748104,500277894,133,RNA-Seq,cDNA,TRANSCRIPTOMIC,SINGLE,ILLUMINA,SARS2,in vitro,GEO
PRJNA615032,SRX7990871,SRR11412235,11099958,1466486543,132,RNA-Seq,cDNA,TRANSCRIPTOMIC,SINGLE,ILLUMINA,SARS2,in vitro,GEO
PRJNA615032,SRX7990871,SRR11412236,10939834,1445451370,132,RNA-Seq,cDNA,TRANSCRIPTOMIC,SINGLE,ILLUMINA,SARS2,in vitro,GEO
PRJNA615032,SRX7990871,SRR11412237,11177796,1476003475,132,RNA-Seq,cDNA,TRANSCRIPTOMIC,SINGLE,ILLUMINA,SARS2,in vitro,GEO
PRJNA615032,SRX7990871,SRR11412238,10993147,1451329417,132,RNA-Seq,cDNA,TRANSCRIPTOMIC,SINGLE,ILLUMINA,SARS2,in vitro,GEO
PRJNA615032,SRX7990872,SRR11412239,6647150,965357051,145,RNA-Seq,cDNA,TRANSCRIPTOMIC,SINGLE,ILLUMINA,SARS2,in vitro,GEO
PRJNA615032,SRX7990872,SRR11412240,6606107,959543406,145,RNA-Seq,cDNA,TRANSCRIPTOMIC,SINGLE,ILLUMINA,SARS2,in vitro,GEO
PRJNA615032,SRX7990872,SRR11412241,6933877,1007515429,145,RNA-Seq,cDNA,TRANSCRIPTOMIC,SINGLE,ILLUMINA,SARS2,in vitro,GEO
PRJNA615032,SRX7990872,SRR11412242,6826811,991985964,145,RNA-Seq,cDNA,TRANSCRIPTOMIC,SINGLE,ILLUMINA,SARS2,in vitro,GEO
PRJNA615032,SRX7990873,SRR11412243,3628678,527601116,145,RNA-Seq,cDNA,TRANSCRIPTOMIC,SINGLE,ILLUMINA,SARS2,in vitro,GEO
PRJNA615032,SRX7990873,SRR11412244,3612583,525324037,145,RNA-Seq,cDNA,TRANSCRIPTOMIC,SINGLE,ILLUMINA,SARS2,in vitro,GEO
PRJNA615032,SRX7990873,SRR11412245,3781064,550044036,145,RNA-Seq,cDNA,TRANSCRIPTOMIC,SINGLE,ILLUMINA,SARS2,in vitro,GEO
PRJNA615032,SRX7990873,SRR11412246,3722519,541563810,145,RNA-Seq,cDNA,TRANSCRIPTOMIC,SINGLE,ILLUMINA,SARS2,in vitro,GEO
PRJNA615032,SRX7990874,SRR11412247,2880493,420723596,146,RNA-Seq,cDNA,TRANSCRIPTOMIC,SINGLE,ILLUMINA,SARS2,in vitro,GEO
PRJNA615032,SRX7990874,SRR11412248,2862323,418109970,146,RNA-Seq,cDNA,TRANSCRIPTOMIC,SINGLE,ILLUMINA,SARS2,in vitro,GEO
PRJNA615032,SRX7990874,SRR11412249,2995430,437424356,146,RNA-Seq,cDNA,TRANSCRIPTOMIC,SINGLE,ILLUMINA,SARS2,in vitro,GEO
PRJNA615032,SRX7990874,SRR11412250,2945461,430191403,146,RNA-Seq,cDNA,TRANSCRIPTOMIC,SINGLE,ILLUMINA,SARS2,in vitro,GEO
PRJNA615032,SRX7990875,SRR11412251,8420359,1228031665,145,RNA-Seq,cDNA,TRANSCRIPTOMIC,SINGLE,ILLUMINA,SARS2,in vitro,GEO
PRJNA615032,SRX7990875,SRR11412252,8372617,1221168367,145,RNA-Seq,cDNA,TRANSCRIPTOMIC,SINGLE,ILLUMINA,SARS2,in vitro,GEO
PRJNA615032,SRX7990875,SRR11412253,8751881,1276683372,145,RNA-Seq,cDNA,TRANSCRIPTOMIC,SINGLE,ILLUMINA,SARS2,in vitro,GEO
PRJNA615032,SRX7990875,SRR11412254,8596200,1254037566,145,RNA-Seq,cDNA,TRANSCRIPTOMIC,SINGLE,ILLUMINA,SARS2,in vitro,GEO
PRJNA615032,SRX7990876,SRR11412255,7341500,1054867829,143,RNA-Seq,cDNA,TRANSCRIPTOMIC,SINGLE,ILLUMINA,SARS2,in vitro,GEO
PRJNA615032,SRX7990876,SRR11412256,7275612,1045572961,143,RNA-Seq,cDNA,TRANSCRIPTOMIC,SINGLE,ILLUMINA,SARS2,in vitro,GEO
PRJNA615032,SRX7990876,SRR11412257,7609747,1093492700,143,RNA-Seq,cDNA,TRANSCRIPTOMIC,SINGLE,ILLUMINA,SARS2,in vitro,GEO
PRJNA615032,SRX7990876,SRR11412258,7454205,1071275632,143,RNA-Seq,cDNA,TRANSCRIPTOMIC,SINGLE,ILLUMINA,SARS2,in vitro,GEO
PRJNA615032,SRX7990877,SRR11412259,5064549,740816923,146,RNA-Seq,cDNA,TRANSCRIPTOMIC,SINGLE,ILLUMINA,SARS2,in vitro,GEO
PRJNA615032,SRX7990877,SRR11412260,5024859,735131704,146,RNA-Seq,cDNA,TRANSCRIPTOMIC,SINGLE,ILLUMINA,SARS2,in vitro,GEO
PRJNA615032,SRX7990877,SRR11412261,5308159,776810011,146,RNA-Seq,cDNA,TRANSCRIPTOMIC,SINGLE,ILLUMINA,SARS2,in vitro,GEO
PRJNA615032,SRX7990877,SRR11412262,5205586,761861339,146,RNA-Seq,cDNA,TRANSCRIPTOMIC,SINGLE,ILLUMINA,SARS2,in vitro,GEO
PRJNA615032,SRX7990878,SRR11412263,7955076,1147189797,144,RNA-Seq,cDNA,TRANSCRIPTOMIC,SINGLE,ILLUMINA,SARS2,in vitro,GEO
PRJNA615032,SRX7990878,SRR11412264,7855458,1132977436,144,RNA-Seq,cDNA,TRANSCRIPTOMIC,SINGLE,ILLUMINA,SARS2,in vitro,GEO
PRJNA615032,SRX7990878,SRR11412265,8218890,1185633130,144,RNA-Seq,cDNA,TRANSCRIPTOMIC,SINGLE,ILLUMINA,SARS2,in vitro,GEO
PRJNA615032,SRX7990878,SRR11412266,8048208,1161006449,144,RNA-Seq,cDNA,TRANSCRIPTOMIC,SINGLE,ILLUMINA,SARS2,in vitro,GEO
PRJNA615032,SRX7990879,SRR11412267,6466077,949012516,146,RNA-Seq,cDNA,TRANSCRIPTOMIC,SINGLE,ILLUMINA,SARS2,in vitro,GEO
PRJNA615032,SRX7990879,SRR11412268,6404966,940110515,146,RNA-Seq,cDNA,TRANSCRIPTOMIC,SINGLE,ILLUMINA,SARS2,in vitro,GEO
PRJNA615032,SRX7990879,SRR11412269,6706893,984540431,146,RNA-Seq,cDNA,TRANSCRIPTOMIC,SINGLE,ILLUMINA,SARS2,in vitro,GEO
PRJNA615032,SRX7990879,SRR11412270,6578304,965681408,146,RNA-Seq,cDNA,TRANSCRIPTOMIC,SINGLE,ILLUMINA,SARS2,in vitro,GEO
PRJNA615032,SRX7990880,SRR11412271,2794272,401040883,143,RNA-Seq,cDNA,TRANSCRIPTOMIC,SINGLE,ILLUMINA,SARS2,in vitro,GEO
PRJNA615032,SRX7990880,SRR11412272,2766068,397057821,143,RNA-Seq,cDNA,TRANSCRIPTOMIC,SINGLE,ILLUMINA,SARS2,in vitro,GEO
PRJNA615032,SRX7990880,SRR11412273,2858380,410274319,143,RNA-Seq,cDNA,TRANSCRIPTOMIC,SINGLE,ILLUMINA,SARS2,in vitro,GEO
PRJNA615032,SRX7990880,SRR11412274,2812164,403664598,143,RNA-Seq,cDNA,TRANSCRIPTOMIC,SINGLE,ILLUMINA,SARS2,in vitro,GEO
PRJNA615032,SRX7990881,SRR11412275,1593564,227587603,142,RNA-Seq,cDNA,TRANSCRIPTOMIC,SINGLE,ILLUMINA,SARS2,in vitro,GEO
PRJNA615032,SRX7990881,SRR11412276,1574292,224902916,142,RNA-Seq,cDNA,TRANSCRIPTOMIC,SINGLE,ILLUMINA,SARS2,in vitro,GEO
PRJNA615032,SRX7990881,SRR11412277,1645151,235010945,142,RNA-Seq,cDNA,TRANSCRIPTOMIC,SINGLE,ILLUMINA,SARS2,in vitro,GEO
PRJNA615032,SRX7990881,SRR11412278,1607286,229626127,142,RNA-Seq,cDNA,TRANSCRIPTOMIC,SINGLE,ILLUMINA,SARS2,in vitro,GEO
PRJNA615032,SRX7990882,SRR11412279,1369515,199745866,145,RNA-Seq,cDNA,TRANSCRIPTOMIC,SINGLE,ILLUMINA,SARS2,in vitro,GEO
PRJNA615032,SRX7990882,SRR11412280,1350455,196974950,145,RNA-Seq,cDNA,TRANSCRIPTOMIC,SINGLE,ILLUMINA,SARS2,in vitro,GEO
PRJNA615032,SRX7990882,SRR11412281,1417013,206852005,145,RNA-Seq,cDNA,TRANSCRIPTOMIC,SINGLE,ILLUMINA,SARS2,in vitro,GEO
PRJNA615032,SRX7990882,SRR11412282,1405918,205250178,145,RNA-Seq,cDNA,TRANSCRIPTOMIC,SINGLE,ILLUMINA,SARS2,in vitro,GEO
PRJNA615032,SRX7990883,SRR11412283,2773749,385891212,139,RNA-Seq,cDNA,TRANSCRIPTOMIC,SINGLE,ILLUMINA,SARS2,in vitro,GEO
PRJNA615032,SRX7990883,SRR11412284,2719499,379157694,139,RNA-Seq,cDNA,TRANSCRIPTOMIC,SINGLE,ILLUMINA,SARS2,in vitro,GEO
PRJNA615032,SRX7990883,SRR11412285,2817721,392349745,139,RNA-Seq,cDNA,TRANSCRIPTOMIC,SINGLE,ILLUMINA,SARS2,in vitro,GEO
PRJNA615032,SRX7990883,SRR11412286,2792070,388828497,139,RNA-Seq,cDNA,TRANSCRIPTOMIC,SINGLE,ILLUMINA,SARS2,in vitro,GEO
PRJNA615032,SRX7990884,SRR11412287,3382782,468263147,138,RNA-Seq,cDNA,TRANSCRIPTOMIC,SINGLE,ILLUMINA,SARS2,in vitro,GEO
PRJNA615032,SRX7990884,SRR11412288,3313587,458855885,138,RNA-Seq,cDNA,TRANSCRIPTOMIC,SINGLE,ILLUMINA,SARS2,in vitro,GEO
PRJNA615032,SRX7990884,SRR11412289,3378623,467578394,138,RNA-Seq,cDNA,TRANSCRIPTOMIC,SINGLE,ILLUMINA,SARS2,in vitro,GEO
PRJNA615032,SRX7990884,SRR11412290,3343287,462576334,138,RNA-Seq,cDNA,TRANSCRIPTOMIC,SINGLE,ILLUMINA,SARS2,in vitro,GEO
PRJNA615032,SRX7990885,SRR11412291,1120763,145079997,129,RNA-Seq,cDNA,TRANSCRIPTOMIC,SINGLE,ILLUMINA,SARS2,in vitro,GEO
PRJNA615032,SRX7990885,SRR11412292,1101419,142720531,129,RNA-Seq,cDNA,TRANSCRIPTOMIC,SINGLE,ILLUMINA,SARS2,in vitro,GEO
PRJNA615032,SRX7990885,SRR11412293,1125546,145372227,129,RNA-Seq,cDNA,TRANSCRIPTOMIC,SINGLE,ILLUMINA,SARS2,in vitro,GEO
PRJNA615032,SRX7990885,SRR11412294,1116457,144297520,129,RNA-Seq,cDNA,TRANSCRIPTOMIC,SINGLE,ILLUMINA,SARS2,in vitro,GEO
PRJNA615032,SRX8089264,SRR11517674,25081061,3337058639,133,RNA-Seq,cDNA,TRANSCRIPTOMIC,SINGLE,ILLUMINA,SARS2,in vitro,GEO
PRJNA615032,SRX8089265,SRR11517675,23809078,3161662781,132,RNA-Seq,cDNA,TRANSCRIPTOMIC,SINGLE,ILLUMINA,SARS2,in vitro,GEO
PRJNA615032,SRX8089266,SRR11517676,22166099,3062615236,138,RNA-Seq,cDNA,TRANSCRIPTOMIC,SINGLE,ILLUMINA,SARS2,in vitro,GEO
PRJNA615032,SRX8089267,SRR11517677,22280277,3119340122,140,RNA-Seq,cDNA,TRANSCRIPTOMIC,SINGLE,ILLUMINA,SARS2,in vitro,GEO
PRJNA615032,SRX8089268,SRR11517678,24949250,3449929537,138,RNA-Seq,cDNA,TRANSCRIPTOMIC,SINGLE,ILLUMINA,SARS2,in vitro,GEO
PRJNA615032,SRX8089269,SRR11517679,44074243,5906444656,134,RNA-Seq,cDNA,TRANSCRIPTOMIC,SINGLE,ILLUMINA,SARS2,in vitro,GEO
PRJNA615032,SRX8089270,SRR11517680,29164551,4165868742,142,RNA-Seq,cDNA,TRANSCRIPTOMIC,SINGLE,ILLUMINA,SARS2,in vitro,GEO
PRJNA615032,SRX8089271,SRR11517681,2669447,367020757,137,RNA-Seq,cDNA,TRANSCRIPTOMIC,SINGLE,ILLUMINA,SARS2,in vitro,GEO
PRJNA615032,SRX8089272,SRR11517682,19320311,2607553815,134,RNA-Seq,cDNA,TRANSCRIPTOMIC,SINGLE,ILLUMINA,SARS2,in vitro,GEO
PRJNA615032,SRX8089273,SRR11517741,23586566,3183634267,134,RNA-Seq,cDNA,TRANSCRIPTOMIC,SINGLE,ILLUMINA,SARS2,in vitro,GEO
PRJNA615032,SRX8089274,SRR11517742,5720676,773523711,135,RNA-Seq,cDNA,TRANSCRIPTOMIC,SINGLE,ILLUMINA,SARS2,in vitro,GEO
PRJNA615032,SRX8089275,SRR11517743,4841347,664383048,137,RNA-Seq,cDNA,TRANSCRIPTOMIC,SINGLE,ILLUMINA,SARS2,in vitro,GEO
PRJNA615032,SRX8089276,SRR11517744,9324151,1263198214,135,RNA-Seq,cDNA,TRANSCRIPTOMIC,SINGLE,ILLUMINA,SARS2,in vitro,GEO
PRJNA615032,SRX8089277,SRR11517745,17436078,2389795881,137,RNA-Seq,cDNA,TRANSCRIPTOMIC,SINGLE,ILLUMINA,SARS2,in vitro,GEO
PRJNA615032,SRX8089278,SRR11517746,37787485,5189136342,137,RNA-Seq,cDNA,TRANSCRIPTOMIC,SINGLE,ILLUMINA,SARS2,in vitro,GEO
PRJNA615032,SRX8089279,SRR11517747,23623325,3230448542,136,RNA-Seq,cDNA,TRANSCRIPTOMIC,SINGLE,ILLUMINA,SARS2,in vitro,GEO
PRJNA615032,SRX8089280,SRR11517748,13583713,1908376184,140,RNA-Seq,cDNA,TRANSCRIPTOMIC,SINGLE,ILLUMINA,SARS2,in vitro,GEO
PRJNA615032,SRX8089281,SRR11517749,28688015,3867590122,134,RNA-Seq,cDNA,TRANSCRIPTOMIC,SINGLE,ILLUMINA,SARS2,in vitro,GEO
PRJNA615032,SRX8089282,SRR11517750,5728818,795927651,138,RNA-Seq,cDNA,TRANSCRIPTOMIC,SINGLE,ILLUMINA,SARS2,in vitro,GEO
PRJNA615032,SRX8089283,SRR11517751,6459060,917797132,142,RNA-Seq,cDNA,TRANSCRIPTOMIC,SINGLE,ILLUMINA,SARS2,in vitro,GEO
PRJNA615032,SRX8089284,SRR11517752,11337279,1610137102,142,RNA-Seq,cDNA,TRANSCRIPTOMIC,SINGLE,ILLUMINA,SARS2,in vitro,GEO
PRJNA615032,SRX8089285,SRR11517753,18265188,2613543693,143,RNA-Seq,cDNA,TRANSCRIPTOMIC,SINGLE,ILLUMINA,SARS2,in vitro,GEO
PRJNA615032,SRX8089286,SRR11517754,10113566,1400752563,138,RNA-Seq,cDNA,TRANSCRIPTOMIC,SINGLE,ILLUMINA,SARS2,in vitro,GEO
PRJNA615032,SRX8089287,SRR11517755,17024730,2388591778,140,RNA-Seq,cDNA,TRANSCRIPTOMIC,SINGLE,ILLUMINA,SARS2,in vitro,GEO
PRJNA615032,SRX8089288,SRR11517756,22489933,2978479228,132,RNA-Seq,cDNA,TRANSCRIPTOMIC,SINGLE,ILLUMINA,SARS2,in vitro,GEO
PRJNA615032,SRX8089289,SRR11517757,15057066,2171419090,144,RNA-Seq,cDNA,TRANSCRIPTOMIC,SINGLE,ILLUMINA,SARS2,in vitro,GEO
PRJNA615032,SRX8089290,SRR11517758,19109384,2580165053,135,RNA-Seq,cDNA,TRANSCRIPTOMIC,SINGLE,ILLUMINA,SARS2,in vitro,GEO
PRJNA615032,SRX8089291,SRR11517759,1539573,219724797,142,RNA-Seq,cDNA,TRANSCRIPTOMIC,SINGLE,ILLUMINA,SARS2,in vitro,GEO
PRJNA615032,SRX8089291,SRR11517760,1574964,224796998,142,RNA-Seq,cDNA,TRANSCRIPTOMIC,SINGLE,ILLUMINA,SARS2,in vitro,GEO
PRJNA615032,SRX8089291,SRR11517761,1509652,215324869,142,RNA-Seq,cDNA,TRANSCRIPTOMIC,SINGLE,ILLUMINA,SARS2,in vitro,GEO
PRJNA615032,SRX8089291,SRR11517762,1501003,214050327,142,RNA-Seq,cDNA,TRANSCRIPTOMIC,SINGLE,ILLUMINA,SARS2,in vitro,GEO
PRJNA615032,SRX8089292,SRR11517763,1600408,229121017,143,RNA-Seq,cDNA,TRANSCRIPTOMIC,SINGLE,ILLUMINA,SARS2,in vitro,GEO
PRJNA615032,SRX8089292,SRR11517764,1638204,234506827,143,RNA-Seq,cDNA,TRANSCRIPTOMIC,SINGLE,ILLUMINA,SARS2,in vitro,GEO
PRJNA615032,SRX8089292,SRR11517765,1569150,224547715,143,RNA-Seq,cDNA,TRANSCRIPTOMIC,SINGLE,ILLUMINA,SARS2,in vitro,GEO
PRJNA615032,SRX8089292,SRR11517766,1560442,223239422,143,RNA-Seq,cDNA,TRANSCRIPTOMIC,SINGLE,ILLUMINA,SARS2,in vitro,GEO
PRJNA615032,SRX8089293,SRR11517767,2032190,286304133,140,RNA-Seq,cDNA,TRANSCRIPTOMIC,SINGLE,ILLUMINA,SARS2,in vitro,GEO
PRJNA615032,SRX8089293,SRR11517768,2093577,294951515,140,RNA-Seq,cDNA,TRANSCRIPTOMIC,SINGLE,ILLUMINA,SARS2,in vitro,GEO
PRJNA615032,SRX8089293,SRR11517769,2159881,304682053,141,RNA-Seq,cDNA,TRANSCRIPTOMIC,SINGLE,ILLUMINA,SARS2,in vitro,GEO
PRJNA615032,SRX8089293,SRR11517770,2052843,288946220,140,RNA-Seq,cDNA,TRANSCRIPTOMIC,SINGLE,ILLUMINA,SARS2,in vitro,GEO
PRJCA002163,CRX122276,CRR122276,,,,RNA-Seq,,,PAIRED,ILLUMINA,SARS2,in vivo,
PRJCA002163,CRX122277,CRR122277,,,,RNA-Seq,,,PAIRED,ILLUMINA,SARS2,in vivo,
PRJCA002163,CRX122278,CRR122278,,,,RNA-Seq,,,PAIRED,ILLUMINA,SARS2,in vivo,
PRJCA002163,CRX122279,CRR122279,,,,RNA-Seq,,,PAIRED,ILLUMINA,SARS2,in vivo,
PRJCA002163,CRX122280,CRR122280,,,,RNA-Seq,,,PAIRED,ILLUMINA,SARS2,in vivo,
PRJCA002163,CRX122281,CRR122281,,,,RNA-Seq,,,PAIRED,ILLUMINA,SARS2,in vivo,
PRJCA002163,CRX122282,CRR122282,,,,RNA-Seq,,,PAIRED,ILLUMINA,SARS2,in vivo,
PRJCA002163,CRX122283,CRR122283,,,,RNA-Seq,,,PAIRED,ILLUMINA,SARS2,in vivo,
PRJCA002163,CRX122284,CRR122284,,,,RNA-Seq,,,PAIRED,ILLUMINA,SARS2,in vivo,
PRJCA002163,CRX122285,CRR122285,,,,RNA-Seq,,,PAIRED,ILLUMINA,SARS2,in vivo,
PRJCA002163,CRX122286,CRR122286,,,,RNA-Seq,,,PAIRED,ILLUMINA,SARS2,in vivo,
PRJCA002163,CRX122287,CRR122287,,,,RNA-Seq,,,PAIRED,ILLUMINA,SARS2,in vivo,
PRJNA624792,SRX8099361,SRR11528307,719807,186477335,259,WGS,PCR,VIRAL RNA,PAIRED,ILLUMINA,SARS2,in vitro,MCMASTER UNIVERSITY
PRJNA624792,SRX8099362,SRR11528306,683600,177074951,259,WGS,PCR,VIRAL RNA,PAIRED,ILLUMINA,SARS2,in vitro,MCMASTER UNIVERSITY
PRJNA607174,SRX7756761,SRR11119767,113900941,34398084182,302,WGS,RANDOM,METAGENOMIC,PAIRED,ILLUMINA,SARS2,in vivo,SOUTH CHINA AGRICULTURAL UNIVERSITY
PRJNA607174,SRX7756762,SRR11119766,232433120,70194802240,302,WGS,RANDOM,METAGENOMIC,PAIRED,ILLUMINA,SARS2,in vivo,SOUTH CHINA AGRICULTURAL UNIVERSITY
PRJNA607174,SRX7756763,SRR11119765,212161250,64072697500,302,WGS,RANDOM,METAGENOMIC,PAIRED,ILLUMINA,SARS2,in vivo,SOUTH CHINA AGRICULTURAL UNIVERSITY
PRJNA607174,SRX7756764,SRR11119764,222286763,67130602426,302,WGS,RANDOM,METAGENOMIC,PAIRED,ILLUMINA,SARS2,in vivo,SOUTH CHINA AGRICULTURAL UNIVERSITY
PRJNA607174,SRX7756765,SRR11119763,196761202,59421883004,302,WGS,RANDOM,METAGENOMIC,PAIRED,ILLUMINA,SARS2,in vivo,SOUTH CHINA AGRICULTURAL UNIVERSITY
PRJNA607174,SRX7756766,SRR11119762,273651431,82642732162,302,WGS,RANDOM,METAGENOMIC,PAIRED,ILLUMINA,SARS2,in vivo,SOUTH CHINA AGRICULTURAL UNIVERSITY
PRJNA607174,SRX7756769,SRR11119759,107267359,32180207700,300,WGS,RANDOM,METAGENOMIC,PAIRED,ILLUMINA,SARS2,in vivo,SOUTH CHINA AGRICULTURAL UNIVERSITY
PRJTA000001,TRX000001,TRR000001,,,,RNA-Seq,,,PAIRED,ILLUMINA,SARS2,in vivo,
